time,29,30,31,19,21,26,32,33,36,40,20,25,47,57,69
2017-09-26 14:00:00,,,,37.6021798365,,,,,,30.4436071065,,,,,
2017-09-26 15:00:00,,,-0.18018018018,,,14.1462043112,,,,30.2907019077,9.94447653893,43.051066995,,,
2017-09-26 16:00:00,,59.3411680912,-0.0,41.4679836512,,14.1462043112,,,,30.0941095092,7.99473650427,44.2283523135,-0.580488832701,3.63583020866,
2017-09-26 17:00:00,,49.4052706553,-0.0,38.8283378747,49.1181344697,14.1462043112,,,,,6.95487515245,40.2348158408,0.0758533501896,,
2017-09-26 18:00:00,,46.7770655271,-0.0,,47.8113162879,14.1462043112,,,,29.6517766128,5.85724372553,40.2348158408,,3.63583020866,
2017-09-26 19:00:00,,42.1616809117,-0.0,9.92847411444,,14.1462043112,,,,31.0770715014,3.0120675268,33.0325997743,0.0979772439949,3.63583020866,
2017-09-26 20:00:00,,,,4.3341280654,,14.1462043112,,,,29.5289063638,4.42743436678,,,3.63583020866,
2017-09-26 21:00:00,,32.1136039886,-0.0,3.78065395095,36.2898516414,,,,,19.9614096403,4.12775210219,19.0898481584,0.0979772439949,3.63583020866,
2017-09-26 22:00:00,,,-0.0,3.81471389646,25.7342960859,14.1462043112,,,,14.4813965341,,3.76205499128,,3.63583020866,
2017-09-26 23:00:00,,,-0.0,,9.98934659091,14.1462043112,,,,30.4436071065,18.2200397972,-14.555119524,,3.63583020866,
2017-09-27 00:00:00,,,,,,,,,,,,,,,
2017-09-27 01:00:00,,,,,,,,,,,,,,,
2017-09-27 02:00:00,,,,-0.102179836512,,,,,,,19.4332113743,,0.0979772439949,3.63583020866,
2017-09-27 03:00:00,,,-0.0,-1.25170299728,,14.1462043112,,,,31.9289718946,16.6169202131,-33.9572432543,0.0979772439949,3.63583020866,
2017-09-27 04:00:00,,,,-1.58378746594,,14.1462043112,,,,31.9289718946,3.80640605944,-37.1890068739,0.0979772439949,3.63583020866,
2017-09-27 05:00:00,,,-0.0,0.0227066303361,,,4.87141043304,,,31.9289718946,,,0.0979772439949,3.63583020866,
2017-09-27 06:00:00,,,-0.0,0.0,,14.1462043112,,,,31.6996140964,,-55.5408074279,0.0979772439949,3.63583020866,
2017-09-27 07:00:00,,,-0.0,,,,,,,31.9289718946,,-60.5038729866,0.0979772439949,3.63583020866,
2017-09-27 08:00:00,,,-0.0,7.35694822888,,14.1462043112,,,,,,,,3.63583020866,
2017-09-27 09:00:00,,54.4052706553,-0.0,9.77520435967,,14.1462043112,,,,,9.26567815649,49.7454344927,0.0979772439949,,
2017-09-27 10:00:00,,59.1969373219,-0.0,10.2094686649,,14.1462043112,,,,31.3883427989,16.2594678734,,,3.63583020866,
2017-09-27 11:00:00,,61.0719373219,-0.0,20.4870572207,,14.1462043112,,,-11.9765138653,31.9289718946,17.9059150138,,0.0979772439949,3.63583020866,
2017-09-27 12:00:00,,,,,,14.1462043112,36.0712645541,,-11.6581777023,,18.3933500225,,0.0979772439949,3.63583020866,
2017-09-27 13:00:00,,,,,,,,,,31.9289718946,,,0.0979772439949,3.63583020866,
2017-09-27 14:00:00,,,,,,,,,,31.9289718946,11.1793118942,54.431491741,0.0979772439949,3.63583020866,25.2763496144
2017-09-27 15:00:00,,,-0.45045045045,,,,,,,31.4593344983,,,0.0979772439949,,
2017-09-27 16:00:00,,64.0206552707,-0.0,,49.1181344697,,48.2156846854,,-45.889926429,31.6832313965,9.87948520444,53.2772904483,0.0979772439949,3.63583020866,28.5646958012
2017-09-27 17:00:00,,59.4212962963,-0.0,,49.1181344697,,47.5136423805,,-53.636106395,,9.98780409526,54.2237355084,-0.145385587863,3.63583020866,28.0269922879
2017-09-27 18:00:00,,56.9052706553,-0.0,,,,,,,30.4709116062,8.99127029976,51.6383246127,,,
2017-09-27 19:00:00,,52.0014245014,-0.0,,48.1901041667,,39.9644082449,,,30.2087884083,5.78503113165,45.2825228275,0.0979772439949,3.63583020866,
2017-09-27 20:00:00,,,-0.0,,43.0527935606,14.1462043112,,,,31.3555773992,5.03763078503,,,3.63583020866,
2017-09-27 21:00:00,,,,,42.5840435606,14.1462043112,,,,31.7323794961,1.12009756724,,0.0979772439949,3.63583020866,
2017-09-27 22:00:00,,,-0.0,,35.4965014731,,,,,31.1507936508,2.44880929456,,0.0979772439949,3.63583020866,
2017-09-27 23:00:00,,,-0.0,,31.4413667929,14.1462043112,,,,29.2203655162,,,0.0979772439949,3.63583020866,
2017-09-28 00:00:00,,,,,,,,,,,,,,,
2017-09-28 01:00:00,,,,,,,,,,,,,,,
2017-09-28 02:00:00,,,,,,14.1462043112,,,,,-5.95673663265,17.8433107623,0.0979772439949,,
2017-09-28 03:00:00,,30.511039886,-0.0,,15.6143465909,14.1462043112,,,,19.6501383428,-7.58151999486,14.3345388325,0.0979772439949,3.63583020866,
2017-09-28 04:00:00,,33.0911680912,-0.0,,20.6332859848,14.1462043112,,,,11.5652759575,-7.99313177996,13.3880937724,0.0979772439949,3.63583020866,
2017-09-28 05:00:00,,27.150997151,,,13.8671875,14.1462043112,,,,13.3919469929,-6.70774760896,,0.0979772439949,3.63583020866,
2017-09-28 06:00:00,,14.886039886,-0.0,,10.1455965909,,,,,10.4348696665,-2.72883368637,1.39209500359,0.0979772439949,3.63583020866,
2017-09-28 07:00:00,,,-0.0,,,,,,,8.46894568225,,-4.87137067816,0.0979772439949,3.63583020866,
2017-09-28 08:00:00,,49.5174501425,-0.0,,43.6888415404,,,,,,-2.1872392323,,-0.0790139064475,3.63583020866,
2017-09-28 09:00:00,,59.0847578348,-2.11711711712,,48.2595486111,,,,,,8.86128763079,46.9060993126,-0.63211125158,3.63583020866,
2017-09-28 10:00:00,,,-6.58783783784,,,,,,,28.8490243192,13.4215129341,,,,
2017-09-28 11:00:00,,64.4693732194,-10.4804804805,,,,,,-12.5707413696,29.9466652104,13.7139739393,65.1655637632,-4.63653603034,3.63583020866,31.8637532134
2017-09-28 12:00:00,,,-9.16666666667,,,,,,,29.4879496141,18.198376019,,-4.0281289507,3.63583020866,
2017-09-28 13:00:00,,,,,,,,,,29.4224188146,,,-1.87104930468,3.63583020866,
2017-09-28 14:00:00,,,,,,,44.8817435233,,-24.9009620826,28.4230741226,12.5874574748,57.4401097774,-2.52739148757,3.63583020866,35.3341902314
2017-09-28 15:00:00,,,-11.0435435435,,,,,,,,9.94447653893,,-3.30910240202,3.63583020866,
2017-09-28 16:00:00,,,-13.9864864865,,,,46.1277926358,,-27.8933220147,27.49472113,,55.131707192,-4.0391908976,3.63583020866,35.5334190231
2017-09-28 17:00:00,,70.9437321937,-15.9234234234,,,,46.3739633142,,-32.3288058857,28.4394568225,11.3526221195,53.5081307069,-6.50969237252,3.63583020866,35.4627249357
2017-09-28 18:00:00,,65.2706552707,-16.6891891892,,,,,,-37.5707413696,,10.1899993581,50.1840309839,-10.6763590392,,34.5565552699
2017-09-28 19:00:00,,57.6264245014,-15.9684684685,,,,42.8546343572,,-52.0444255801,21.0508591816,7.86475383529,,,3.63583020866,32.6221079692
2017-09-28 20:00:00,,49.5227920228,-11.3013013013,,,14.1462043112,,,,20.00236639,3.51755568393,35.4333384631,-14.0945006321,3.63583020866,
2017-09-28 21:00:00,,48.3475783476,-13.536036036,,,,,,,16.119666521,2.77376596701,,-17.2471554994,3.63583020866,
2017-09-28 22:00:00,,41.3603988604,,,,,,,-98.8398415393,17.4302825106,-2.56755889339,24.0298296912,-15.3666245259,,28.5732647815
2017-09-28 23:00:00,,35.9036680912,-2.17717717718,,,,,,,16.9797582642,-5.41514217857,16.0889247974,,3.63583020866,
2017-09-29 00:00:00,,,,,,,,,,,,,,,
2017-09-29 01:00:00,,,,,,,,,,,,,,,
2017-09-29 02:00:00,,,-0.0,,,,,,,,,,,,
2017-09-29 03:00:00,,,-0.0,,,14.1462043112,,,,,-13.8423518839,-5.03295885914,,3.63583020866,
2017-09-29 04:00:00,,13.4597578348,-0.0,,15.4060132576,,,,-231.182795699,-44.2997305956,-18.7167019706,-12.3044270032,0.031605562579,3.63583020866,
2017-09-29 05:00:00,,,-0.0,,,,,,,,-19.2258007574,,-1.80467762326,3.63583020866,
2017-09-29 06:00:00,,-7.52849002849,,,-5.65459280303,,,,,,-13.2068810578,-27.8861444547,0.0979772439949,3.63583020866,
2017-09-29 07:00:00,,,-0.0,,,,,,,-45.1024828892,-9.97175685217,-26.8319739407,0.0979772439949,3.63583020866,
2017-09-29 08:00:00,,,-5.4954954955,,,,,,,,,-15.2822663384,-8.81795195954,3.63583020866,
2017-09-29 09:00:00,,75.7193732194,-15.4954954955,,,,,,,,8.36302073304,,-15.5657395702,3.63583020866,
2017-09-29 10:00:00,,,-15.472972973,,,,,,,,13.1290519289,,-20.3666245259,,
2017-09-29 11:00:00,,84.8005698006,-16.1036036036,,,,,,4.66893039049,28.7015800204,17.4401437833,63.2572842926,,3.63583020866,
2017-09-29 12:00:00,,,-16.3963963964,,,,,,,26.874908985,17.6351177868,61.7260439109,-8.97281921618,3.63583020866,35.4498714653
2017-09-29 13:00:00,,,,,,,,,,24.2946337556,,,-6.29582806574,3.63583020866,
2017-09-29 14:00:00,,82.2257834758,-9.72972972973,,,,,,,26.5991335372,,,-3.26485461441,,35.9682947729
2017-09-29 15:00:00,,,,,,,,,,22.6891291685,5.98722639451,,-5.47724399494,3.63583020866,
2017-09-29 16:00:00,,84.212962963,-18.1081081081,,,,45.2707539779,,-28.7422184493,24.5676787535,8.27636562039,42.9587308916,-5.74273072061,3.63583020866,36.1439588689
2017-09-29 17:00:00,,,-18.3483483483,,,14.1462043112,45.4895723586,,,26.6701252366,,42.104621935,-8.45659502739,3.63583020866,36.1825192802
2017-09-29 18:00:00,,61.087962963,-2.65765765766,,,,42.5446416511,,-37.9315223543,,5.88612876308,37.9725813071,-14.5922882427,3.63583020866,35.4305912596
2017-09-29 19:00:00,,52.9309116809,-0.0,,,12.6154326773,35.6792149553,,,17.3374472113,0.694043263367,26.5690725351,,3.63583020866,
2017-09-29 20:00:00,,45.9277065527,-0.0,,,14.1462043112,,,-63.4620826259,13.9325760885,-0.302490532127,18.6512516672,-18.7073324905,,
2017-09-29 21:00:00,,37.0441595442,-0.0,,,14.1462043112,,,-80.6522354273,,-3.57372103473,18.0048989433,-20.2117572693,3.63583020866,
2017-09-29 22:00:00,,28.4277065527,-0.0,,,14.1462043112,,,,,-6.88827909365,,-16.9152970923,3.63583020866,
2017-09-29 23:00:00,,25.1638176638,-0.0,,,14.1462043112,,,,-12.8039900976,-6.05783426407,18.4434954345,-14.9794563843,3.63583020866,
2017-09-30 00:00:00,,,,,,,,,,,,,,,
2017-09-30 01:00:00,,,,,,,,,,,,,,,
2017-09-30 02:00:00,,25.8796296296,-0.0,,,14.1462043112,,,,,-7.12658065344,12.5801528675,-9.72503160556,3.63583020866,
2017-09-30 03:00:00,,19.3972578348,-0.0,,,14.1462043112,,,,7.9119338867,-10.4844662687,6.13970965425,,3.63583020866,
2017-09-30 04:00:00,,9.5495014245,-0.0,,31.0878314394,14.1462043112,,,-163.589417091,-4.40785641474,-14.1889723346,-2.74764029958,-1.42857142857,,
2017-09-30 05:00:00,,,-0.0,,29.8946496212,14.1462043112,22.6823148824,,,-21.2656545799,-14.6944604917,-8.78411306043,-1.1188369153,3.63583020866,
2017-09-30 06:00:00,,-7.35754985755,-0.0,,28.8529829545,14.1462043112,,,,-17.7597568079,-16.0953848129,,-1.25158027813,3.63583020866,
2017-09-30 07:00:00,,,,,29.8757102273,14.1462043112,,,-152.999434069,-15.7938328236,,-12.5506566123,-4.59228824273,3.63583020866,
2017-09-30 08:00:00,,,-11.8243243243,,41.3151041667,10.4286160575,-41.8189615582,,,-10.251019368,-17.3952115027,-8.05696624602,-15.2560050569,3.63583020866,
2017-09-30 09:00:00,,,-17.1621621622,,45.4628314394,12.0140581068,,,,19.2159967963,,45.6826459423,-16.8046776233,3.63583020866,
2017-09-30 10:00:00,,,-18.2545045045,,,,31.8407758597,,,,9.82532575903,,-19.2383059418,3.63583020866,
2017-09-30 11:00:00,,47.0495014245,-21.2387387387,,46.5423768939,12.3655107779,,,-29.4850028297,16.8896534149,3.05539508312,25.6687955268,,3.63583020866,
2017-09-30 12:00:00,,36.5927706553,-20.3265765766,,41.4666193182,10.4364261168,,,,13.4001383428,-1.1365459914,25.7996050067,-18.4750316056,,
2017-09-30 13:00:00,,,,,44.1938920455,,,,,10.6806101646,,,-19.0170670038,3.63583020866,
2017-09-30 14:00:00,,44.2770655271,,,,11.053420806,,,,17.7743192078,,29.3853236893,-19.1498103666,3.63583020866,34.2416452442
2017-09-30 15:00:00,,41.8812321937,,,,10.2567947516,31.0840289597,,,13.7769404398,1.6111432056,,-19.3931731985,3.63583020866,34.6015424165
2017-09-30 16:00:00,,41.7877492877,-27.7477477477,,,11.3345829428,32.8436934382,,-32.4561403509,13.8097058395,1.14898260479,26.5690725351,-20.2560050569,3.63583020866,34.8200514139
2017-09-30 17:00:00,,38.4918091168,,,,8.1480787254,35.7886241457,,-37.6980758347,15.9613004223,-0.800757429874,22.8756283985,-23.9728192162,3.63583020866,34.7107969152
2017-09-30 18:00:00,,,-25.7882882883,,,7.18744142455,,,,11.1393257609,,17.0122858315,-30.6099873578,3.63583020866,34.588688946
2017-09-30 19:00:00,,28.0911680912,-21.1486486486,,38.0575284091,,22.744617338,,-62.3160724392,,-10.527793825,9.39455729968,-33.2206068268,3.63583020866,32.7249357326
2017-09-30 20:00:00,,22.4180911681,-6.17117117117,,35.1408617424,11.053420806,,,,-0.385903596913,-14.6800179729,2.85023597004,,,
2017-09-30 21:00:00,,17.2257834758,-0.18018018018,,32.0537405303,14.0290534208,11.1077342842,,-90.7965478212,-3.70340032037,-20.2548302202,-3.84028419001,-30.9639696587,3.63583020866,29.3059125964
2017-09-30 22:00:00,,13.2727920228,-0.21021021021,,,14.1462043112,,,-111.817345784,,-22.1612426985,-8.40322663384,-24.7471554994,3.63583020866,
2017-09-30 23:00:00,,12.995014245,-0.900900900901,,25.0061816077,,,,,,,,-28.1542351454,3.63583020866,
2017-10-01 00:00:00,,,,,,,,,,,,,,,
2017-10-01 01:00:00,,,,,,,,,,,,,,,
2017-10-01 02:00:00,,,,,,14.1462043112,32.7525191128,,,,,,,3.63583020866,
2017-10-01 03:00:00,,-24.7133190883,-0.0,,,,,,,,,,,3.63583020866,
2017-10-01 04:00:00,,-33.863960114,-0.0,,,,,,,-79.9157201107,,,,,
2017-10-01 05:00:00,,,-0.0,,,14.1462043112,,,,-64.7043832824,-24.2217087104,,-2.32090181204,3.63583020866,
2017-10-01 06:00:00,,,-0.0,,,14.1462043112,,,,-88.2326707441,,,0.0979772439949,3.63583020866,
2017-10-01 07:00:00,,,-0.0,,-30.6167140152,14.1462043112,,,,-69.1522862968,-42.4674240965,,0.0979772439949,2.71524458311,
2017-10-01 08:00:00,,,-0.0,,,11.73289597,,,,,-29.8302201682,,,3.63583020866,
2017-10-01 09:00:00,,58.6520655271,,-26.2431880109,,11.6391752577,27.5555825702,,,,,,-16.8489254109,3.63583020866,
2017-10-01 10:00:00,,,,,,12.8809746954,,,,,,,-16.0082174463,3.63583020866,
2017-10-01 11:00:00,,,-20.2027027027,,,,,,-3.93322014714,,15.2159958919,52.6771057761,-16.1630847029,3.63583020866,34.7172236504
2017-10-01 12:00:00,,,-17.1283783784,,,14.0056232427,,,,26.9486311344,16.1980871686,,,,
2017-10-01 13:00:00,,,,,,,,,,,,,-10.3445006321,3.63583020866,
2017-10-01 14:00:00,,,,,,,45.3102628522,,,24.9608635503,,31.6783369242,-4.47429414244,3.63583020866,36.0347043702
2017-10-01 15:00:00,,,-15.457957958,,,14.1462043112,,,,,,,-7.72281921618,3.63583020866,
2017-10-01 16:00:00,,66.2321937322,-22.7627627628,,,14.1462043112,44.568711673,,-29.5274476514,21.3293650794,2.27549906926,,-8.04361567636,3.63583020866,36.1696658098
2017-10-01 17:00:00,,52.8668091168,-21.0810810811,,,13.8416119963,44.8148823514,,-30.9705715903,24.9608635503,1.9577636562,29.3622396635,-11.2294563843,3.63583020866,36.0925449871
2017-10-01 18:00:00,,46.6809116809,,,,9.77257107154,39.9370559473,,-38.5964912281,19.7566258919,0.19577636562,24.6915717657,-20.0200168563,3.63583020866,35.8397600686
2017-10-01 19:00:00,,,-0.0,,,12.2483598875,26.6711916147,,-50.5659309564,,,17.0353698574,-29.9462705436,3.63583020866,33.0912596401
2017-10-01 20:00:00,,,-0.0,,,,17.21641408,,,,-8.23143333975,,,3.63583020866,
2017-10-01 21:00:00,,23.4437321937,0.03003003003,,,14.1462043112,,,,-46.5441604776,-13.2574298735,3.34654252591,-8.84007585335,,
2017-10-01 22:00:00,,2.64245014245,0.0225225225225,,,14.1462043112,38.3734162682,,,,-21.3596829065,-12.5352672617,-1.83786346397,3.63583020866,
2017-10-01 23:00:00,,,-0.0,,,14.1462043112,,,-157.360639502,,,-18.6409921001,-1.30689001264,3.63583020866,
2017-10-02 00:00:00,,,,,,,,,,,,,,,
2017-10-02 01:00:00,,,,,,,,,,,,,,,
2017-10-02 02:00:00,,,-0.0,,,14.1462043112,,,,,-17.0919186084,,0.0979772439949,,
2017-10-02 03:00:00,,,0.0225225225225,,-22.6811079545,14.1462043112,,,,,,,0.1201011378,,
2017-10-02 04:00:00,,,-0.0,,-29.8212594697,,,,,,-36.1993709481,-66.0902072433,,,
2017-10-02 05:00:00,,,-0.0,,,14.1462043112,,,,,,,0.0979772439949,,
2017-10-02 06:00:00,,,-0.0,,-33.3439867424,14.1696344892,,,,,,-93.6063660614,0.0979772439949,,
2017-10-02 07:00:00,,,-0.0,,,14.1462043112,,,,,,,0.0979772439949,,
2017-10-02 08:00:00,,,-0.0,,,14.0759137769,,,,,,,0.1201011378,,
2017-10-02 09:00:00,,,-5.51801801802,,43.701467803,13.201187129,,,,,,,0.0979772439949,-23.427168904,
2017-10-02 10:00:00,,,,,,14.0290534208,45.7220668882,,,,,,0.0979772439949,-15.8073818588,
2017-10-02 11:00:00,,,-15.5405405405,,,14.0524835989,43.6843207175,,8.60922467459,,16.9490981449,63.3188416949,-3.41972187105,-17.5413363101,33.766066838
2017-10-02 12:00:00,,101.472578348,-12.6801801802,,,,47.5182010968,,,28.504987622,,,,-15.7519248934,
2017-10-02 13:00:00,,,,,,,,,,,,,-2.44627054362,,
2017-10-02 14:00:00,,,,,,14.1462043112,48.7627306373,,-22.7362761743,26.9267875346,7.97307272611,40.727275059,-2.20290771176,-17.9258379369,35.2506426735
2017-10-02 15:00:00,,,,,,14.1462043112,,,,23.6720911606,2.44880929456,,,-15.8628388242,
2017-10-02 16:00:00,,69.2663817664,,,,14.1462043112,47.0395358889,,-24.4340690436,23.2133755643,6.23997047307,,,-18.4360420185,
2017-10-02 17:00:00,,56.9373219373,,,,14.0290534208,46.3557284491,,-23.6559139785,25.4414227465,5.78503113165,38.7343541603,-9.0613147914,-19.5451813264,35.7005141388
2017-10-02 18:00:00,,49.3091168091,,,,11.6782255545,41.6602506956,,-29.0605546123,20.9416411825,3.51755568393,32.1784908177,-14.2825537295,-23.560265621,34.6593830334
2017-10-02 19:00:00,,43.2193732194,,,,11.8266166823,,,-50.8984153933,13.6786442406,0.397971628474,24.3991741049,-16.8931731985,-28.3961130034,34.9571550985
2017-10-02 20:00:00,,,,,,14.1462043112,,,,,,,-5.85335018963,-32.1450038641,
2017-10-02 21:00:00,,27.0655270655,,,,14.1462043112,,,,-16.2034003204,-7.86314911098,14.1652559762,,,
2017-10-02 22:00:00,,,,,,14.1462043112,,,,,-16.0087297002,,0.0979772439949,-27.9080917079,36.5938303342
2017-10-02 23:00:00,,,,,20.8794981061,14.1462043112,,,,,-18.6625425252,,0.0979772439949,,
2017-10-03 00:00:00,,,,,,,,,,,,,,,
2017-10-03 01:00:00,,,,,,,,,,,,,,,
2017-10-03 02:00:00,,,,,,14.1462043112,,,,,,,0.142225031606,,
2017-10-03 03:00:00,,,,,,14.1462043112,,,,,,,,,
2017-10-03 04:00:00,,,,,,,,,,,,-98.5463475941,,,
2017-10-03 05:00:00,,,,,,14.1462043112,,,,,,-96.8381296809,,,
2017-10-03 06:00:00,,,,,,14.1462043112,,,,,,-87.0658920694,,3.63583020866,
2017-10-03 07:00:00,,,,,,14.1462043112,,,,,,,,3.63583020866,
2017-10-03 08:00:00,,,,,,14.1462043112,,,,,,,,3.63583020866,
2017-10-03 09:00:00,,,,,,14.1462043112,,,,,,,0.0979772439949,,
2017-10-03 10:00:00,,,,,,14.0681037176,,,-18.4917940011,23.6830129605,,51.3151482507,-3.49715549937,-18.5247731631,
2017-10-03 11:00:00,,,,,,14.0759137769,40.1285220304,,-0.367855121675,25.9165210427,15.6420501958,53.7158869396,-31.9374209861,-19.7004608295,
2017-10-03 12:00:00,,,,,,,,,,,,,,-17.2714457452,36.044344473
2017-10-03 13:00:00,,,,,,,,,,26.8994830348,,,,,
2017-10-03 14:00:00,,63.603988604,,,,,,,,26.2933231397,3.35868797741,,,,36.5938303342
2017-10-03 15:00:00,,,,,,14.1462043112,,,,23.5492209116,-0.410809422941,,-4.0391908976,-21.1201591436,
2017-10-03 16:00:00,,60.478988604,,,,14.1462043112,46.7021908853,,-46.6114883984,23.4099679627,2.27549906926,34.9408792449,-5.76485461441,-18.8353321693,36.5938303342
2017-10-03 17:00:00,,50.5591168091,,,,14.0524835989,,,-45.2956989247,26.2605577399,2.31882662559,,-7.86662452592,-18.9906116724,36.5938303342
2017-10-03 18:00:00,,45.2706552707,,,,12.9044048735,43.4381500392,,,23.1696883646,0.542396816227,32.6863393865,-12.4905183312,-22.9539361327,
2017-10-03 19:00:00,,38.2995014245,,,,14.1462043112,,,,14.2848041357,-6.56332242121,21.3059146404,-9.94627054362,-27.4644359848,
2017-10-03 20:00:00,,,,,,14.1462043112,,,,,-14.2106361127,,0.0979772439949,-30.8805850531,
2017-10-03 21:00:00,,,,,,,,,,-14.4013033348,,,0.0979772439949,-27.5975327017,
2017-10-03 22:00:00,,,,,,14.1462043112,,,,,-25.3458180885,-31.4487791115,,,
2017-10-03 23:00:00,,,,,,14.1462043112,,,,3.07903742537,,,0.0979772439949,-29.7603543521,
2017-10-04 00:00:00,,,,,,,,,,,,,,,
2017-10-04 01:00:00,,,,,,,,,,,,,,,
2017-10-04 02:00:00,,,,,,14.1462043112,,,,,,,,-31.7235309271,
2017-10-04 03:00:00,,,,,,14.1462043112,,,,31.2408985001,,,,,
2017-10-04 04:00:00,,,,,,14.1462043112,,,,,,-101.13175849,,,
2017-10-04 05:00:00,,,,,,,,,,31.7815275957,,,,,
2017-10-04 06:00:00,,,,,,14.1462043112,,,,,,-102.609136144,,,
2017-10-04 07:00:00,,,,,,14.1462043112,,,,,,-106.518031189,,-12.5797864728,
2017-10-04 08:00:00,,,,,,14.1462043112,,,,,,,,,
2017-10-04 09:00:00,,55.5751424501,,,,14.1462043112,,,,,,,0.0979772439949,-24.8690500043,
2017-10-04 10:00:00,,62.4501424501,,,,14.1462043112,39.1164870195,,,26.3370103393,,,0.1201011378,-21.2199816813,
2017-10-04 11:00:00,,,,,,14.1462043112,45.0428181646,,-1.41482739106,27.3418159313,,59.5022827537,-2.24715549937,-19.2568051063,
2017-10-04 12:00:00,,,,,,14.1462043112,,,,,16.429167469,,-9.57016434893,-19.6117296849,36.2853470437
2017-10-04 13:00:00,,,,,,,,,,28.6688146206,,,-1.78992836073,-18.3399166118,
2017-10-04 14:00:00,,70.698005698,,,,14.1462043112,47.0608098982,,,26.3370103393,,41.1889555761,,,
2017-10-04 15:00:00,,,,,,14.1462043112,,,,25.1792995486,,,-1.72724399494,-16.2066720096,36.5938303342
2017-10-04 16:00:00,,76.1520655271,,,,14.1462043112,47.6959910311,,,23.1806101646,-0.280826753964,32.755591464,-3.15423514539,-16.1068494719,36.5938303342
2017-10-04 17:00:00,,59.4853988604,,,,14.1462043112,45.8816219575,,,25.2775957478,-4.83022016818,27.9079460347,-6.60556257901,-17.948020723,35.5976863753
2017-10-04 18:00:00,,37.8507834758,,,,13.4901593252,,,,19.9040701908,-11.8059567366,,-8.86219974716,-21.4085353637,
2017-10-04 19:00:00,,,,,,13.5370196813,,,,11.8983908548,-21.034726234,,0.0979772439949,-17.7483756476,2.62853470437
2017-10-04 20:00:00,,,,,,14.1774445486,,,,31.4866389981,,-27.6322201703,0.112726506532,-1.82113518619,
2017-10-04 21:00:00,,,,,,14.1462043112,,,,,,-44.0334205397,0.0979772439949,3.63583020866,
2017-10-04 22:00:00,,,,,,,30.144933409,,,31.9289718946,,-38.2277880373,,,
2017-10-04 23:00:00,,,,,,14.1462043112,,,,31.9289718946,,-31.7796501488,0.0094816687737,0.341686464207,
2017-10-05 00:00:00,,,,,,,,,,,,,,,
2017-10-05 01:00:00,,,,,,,,,,,,,,,
2017-10-05 02:00:00,,,,,,14.1462043112,,,,,,,0.0979772439949,3.63583020866,
2017-10-05 03:00:00,,,,,,14.1462043112,,,,31.9289718946,,,0.0979772439949,3.63583020866,
2017-10-05 04:00:00,,,,,,14.1462043112,7.83457600562,,,31.9289718946,,,0.0979772439949,3.63583020866,
2017-10-05 05:00:00,,,,,,14.1462043112,-4.99972985384,,,,,-48.0384990253,0.0979772439949,1.79465895755,
2017-10-05 06:00:00,,,,,,,,,,31.9289718946,,-52.4013799118,,,
2017-10-05 07:00:00,,,,,,14.1462043112,,,,,,-42.9830973633,0.0979772439949,-43.4138592323,
2017-10-05 08:00:00,,,,,,14.1462043112,,,,,,-20.5838976095,-2.9403708386,-1.95423190314,
2017-10-05 09:00:00,,54.0527065527,,,,14.1462043112,,,,,,,-12.7781289507,-16.0624838996,
2017-10-05 10:00:00,,60.5591168091,,,,14.1462043112,,,,24.6796272026,,,-13.2537926675,-11.0491742279,
2017-10-05 11:00:00,,64.6296296296,,,,14.1462043112,,,-3.59366157329,27.0796927334,13.4323448232,58.7482045758,-11.5170670038,-8.8308956121,36.5938303342
2017-10-05 12:00:00,,,,,,14.1462043112,47.4954075155,,,28.7425367701,,,-4.3415507796,-2.82675482535,
2017-10-05 13:00:00,,,,,,,,,,,,,-2.31352718078,-2.26479090935,
2017-10-05 14:00:00,,,,,,,47.1621147041,,,27.9315931265,,62.8571611778,-2.49789296249,-1.5549417523,
2017-10-05 15:00:00,,,,,,,,,,27.9561671764,,,,,
2017-10-05 16:00:00,,79.8059116809,,,,14.1462043112,,,-12.9032258065,26.8175695355,11.7858976828,,-3.57458912769,-2.1316941924,36.5938303342
2017-10-05 17:00:00,,69.2877492877,,,,14.1462043112,45.0428181646,,-19.1567628749,25.1956822484,,57.2246588694,-6.40644753477,-3.39611300341,36.5938303342
2017-10-05 18:00:00,,62.8347578348,,,,14.1462043112,44.4866547802,,,22.6891291685,,53.7620549913,-8.68520859671,-5.48129490225,36.3560411311
2017-10-05 19:00:00,,53.3796296296,,,,14.1462043112,39.2897182376,,,20.0897407893,,,-10.919721871,-6.39078913473,33.0655526992
2017-10-05 20:00:00,,,,,,14.1462043112,38.4205230029,,,18.7900465997,,,-12.0480404551,-5.31492400607,
2017-10-05 21:00:00,,41.6381766382,,,,14.1462043112,,,,,1.7844534309,42.0353698574,-18.9580699536,-6.33163503831,30.2377892031
2017-10-05 22:00:00,,,,,,14.1462043112,23.5986168517,,,9.88604922091,,,-18.7515802781,-2.85263474254,
2017-10-05 23:00:00,,,,,,,,,,11.0492209116,,36.9338001436,,,
2017-10-06 00:00:00,,,,,,,,,,,,,,,
2017-10-06 01:00:00,,,,,,,,,,,,,,,
2017-10-06 02:00:00,,,,,,14.1462043112,,,,,-10.2894922652,,,3.63583020866,
2017-10-06 03:00:00,,,,,,14.1462043112,,,,29.6463157128,-14.1745298158,,-2.33565107459,3.63583020866,
2017-10-06 04:00:00,,,,,,14.1462043112,,,,31.9289718946,-23.4032993132,-12.7199394686,0.0979772439949,3.63583020866,6.32819194516
2017-10-06 05:00:00,,,,,,14.1462043112,,,,,,,-3.90644753477,3.63583020866,
2017-10-06 06:00:00,,,,,,14.1462043112,,,,31.9289718946,-42.3518839463,-23.9387760337,0.0979772439949,3.63583020866,
2017-10-06 07:00:00,,,,,,,,,,31.9289718946,,-35.3192007797,,,
2017-10-06 08:00:00,,,,,,14.1462043112,,,,,-35.2678284871,,0.0979772439949,3.63583020866,
2017-10-06 09:00:00,,,,,,14.1462043112,,,,,,,-1.51706700379,3.6136474225,
2017-10-06 10:00:00,,,,,,14.1462043112,,,,24.5403742537,7.80698376019,,-11.152022756,3.58037324327,
2017-10-06 11:00:00,,74.2930911681,,,,14.1462043112,,,3.84833050368,29.4169579147,13.2698664869,,-11.2737041719,3.63583020866,36.5938303342
2017-10-06 12:00:00,,,,,,14.1462043112,47.3951157576,,,28.7343454201,16.6169202131,63.7497435108,-6.59450063211,3.63583020866,
2017-10-06 13:00:00,,,,,,,,,,29.5698631134,,,-2.07016434893,3.63583020866,
2017-10-06 14:00:00,,,,,,14.1462043112,48.1974498204,,,,,,-2.11441213654,3.63583020866,36.5938303342
2017-10-06 15:00:00,,,,,,14.1462043112,45.2342842478,,,25.9410950925,,,,,
2017-10-06 16:00:00,,,,,,,,,,24.4366171545,6.71657359266,47.6909561916,-2.95512010114,3.63583020866,36.5938303342
2017-10-06 17:00:00,,45.8796296296,,,,14.1462043112,47.0030661588,,,24.9499417504,5.95834135695,45.267133477,-5.54361567636,3.63583020866,36.5938303342
2017-10-06 18:00:00,,,,,,14.1462043112,43.383445444,,,21.7716979758,1.17786764234,42.2969888171,-10.8533501896,3.63583020866,36.5938303342
2017-10-06 19:00:00,,38.3956552707,,,,14.1462043112,,,,16.6439129168,-0.454136979267,38.9190263671,-17.7560050569,3.63583020866,
2017-10-06 20:00:00,,,,,,14.1462043112,33.9195504768,,,,-3.93117337441,,-17.6675094817,3.63583020866,23.5764781491
2017-10-06 21:00:00,,22.386039886,,,,14.1462043112,36.1928303212,,,15.3169142275,-6.3900121959,,-13.4123472398,3.63583020866,19.2416452442
2017-10-06 22:00:00,,,,,,14.1462043112,,,,,-7.60318377303,20.7749820458,-3.59671302149,3.63583020866,
2017-10-06 23:00:00,,,,,,14.1462043112,,,,31.9289718946,-7.54541369793,7.74789678876,,,
2017-10-07 00:00:00,,,,,,,,,,,,,,,
2017-10-07 01:00:00,,,,,,,,,,,,,,,
2017-10-07 02:00:00,,,,,,14.1462043112,,,,31.9289718946,,,0.0979772439949,3.63583020866,
2017-10-07 03:00:00,,,,,,14.1696344892,,,,31.9289718946,-21.5763206881,-5.25610444239,0.1201011378,,
2017-10-07 04:00:00,,,,,,14.1462043112,,,,31.9289718946,-27.7071699082,,0.0979772439949,,
2017-10-07 05:00:00,,,,,,14.1462043112,,,,31.9289718946,,-15.1668462091,0.0979772439949,,
2017-10-07 06:00:00,,,,,,,,,,,,-19.8298194316,,-33.7643472536,
2017-10-07 07:00:00,,,,,,14.1462043112,,,,,,-54.9406227557,,,
2017-10-07 08:00:00,,,,,,,,,,,,,,,
2017-10-07 09:00:00,,55.5751424501,,,,14.1462043112,,,-42.9824561404,,,,0.0979772439949,-4.72708017288,
2017-10-07 10:00:00,,,,,,14.1462043112,,,,26.8421435853,,,0.0979772439949,-7.12282107794,
2017-10-07 11:00:00,,,,,,14.1462043112,,,-5.56734578381,28.8981724188,,62.6263209193,-2.60113780025,-4.23905887741,36.5938303342
2017-10-07 12:00:00,,,,,,14.1462043112,,,,27.9315931265,,,-2.62326169406,-1.75458682772,
2017-10-07 13:00:00,,,,,,,,,,28.4558395224,,,-2.09228824273,-0.889458167559,
2017-10-07 14:00:00,,,,,,,46.1642623659,,,,7.99473650427,45.7749820458,,,36.5938303342
2017-10-07 15:00:00,,,,,,14.1462043112,,,,25.2775957478,4.22523910392,38.7228121473,-2.22503160556,-0.368162692847,
2017-10-07 16:00:00,,,,,,14.1462043112,46.6930734527,,,23.8686835591,1.46671801784,39.1960346773,,,36.5938303342
2017-10-07 17:00:00,,,,,,,,,,25.8018421436,0.71570704153,35.8719349543,-2.7781289507,0.973895869708,36.5938303342
2017-10-07 18:00:00,,29.245014245,,,,14.1462043112,42.0067131318,,,19.1013178972,,27.5155175952,-0.300252844501,3.50273349171,
2017-10-07 19:00:00,,,,,,14.1462043112,35.296282789,,,11.6963375564,-3.61704859105,25.9227198112,0.0979772439949,3.63583020866,
2017-10-07 20:00:00,,,,,,14.1462043112,,,,22.6891291685,-6.26002952693,17.1815686877,0.0979772439949,3.63583020866,
2017-10-07 21:00:00,,,,,,14.1462043112,,,,30.6838867045,-7.73316644201,,0.0979772439949,3.63583020866,-12.7892030848
2017-10-07 22:00:00,,,,,,14.1462043112,,,,,-15.4887990243,,0.0979772439949,3.63583020866,
2017-10-07 23:00:00,,,,,,14.1462043112,,,,31.9289718946,,,0.0979772439949,3.63583020866,
2017-10-08 00:00:00,,,,,,,,,,,,,,,
2017-10-08 01:00:00,,,,,,,,,,,,,,,
2017-10-08 02:00:00,,,,,,,,,,31.9289718946,,,0.0979772439949,3.63583020866,
2017-10-08 03:00:00,,,,,,14.1462043112,,,,31.9289718946,,-86.4041499949,,3.63583020866,
2017-10-08 04:00:00,,,,,,,,,,31.9289718946,,-74.51587668,0.0979772439949,3.63583020866,-28.1233933162
2017-10-08 05:00:00,,,,,,14.1462043112,,,,31.9289718946,,,0.0979772439949,3.63583020866,
2017-10-08 06:00:00,,,,,,14.1462043112,,,,,,-75.8085821278,0.0979772439949,3.63583020866,-28.001285347
2017-10-08 07:00:00,,,,,,14.1462043112,,,,31.9289718946,,-70.568508259,0.1201011378,3.63583020866,
2017-10-08 08:00:00,,,,,,14.1462043112,,,,31.9289718946,,,,,-22.8920308483
2017-10-08 09:00:00,,,,,,,,,,31.9289718946,,,0.0979772439949,3.63583020866,
2017-10-08 10:00:00,,,,,,,,,,28.4394568225,,,0.0979772439949,3.63583020866,
2017-10-08 11:00:00,,,,,,,39.7273549991,,,,-16.4853328198,,0.0979772439949,3.63583020866,-8.53470437018
2017-10-08 12:00:00,,,,,,14.1462043112,,,,,-6.73663264651,,-0.123261694058,3.63583020866,
2017-10-08 13:00:00,,,,,,,,,,23.0167831659,,,-0.344500632111,3.63583020866,
2017-10-08 14:00:00,,,,,,,44.8787043791,,,,,,-0.96396965866,,
2017-10-08 15:00:00,,,,,,,43.3092903261,,,,,,-2.2619047619,3.63583020866,
2017-10-08 16:00:00,,,,,,14.1462043112,44.0307831537,,,,1.77723217151,38.1572535139,-3.86219974716,,
2017-10-08 17:00:00,,,,,,14.1462043112,43.8210822055,,,,-7.05436805957,18.835923874,,3.63583020866,
2017-10-08 18:00:00,,,,,,14.1462043112,,,,,-13.3513062456,2.65402175028,0.0979772439949,3.63583020866,
2017-10-08 19:00:00,,,,,,14.1462043112,50.9661101656,,,,,,0.0979772439949,3.63583020866,
2017-10-08 20:00:00,,,,,,,46.2609071508,,,,-39.4778227101,-75.9701703088,0.0979772439949,3.63583020866,
2017-10-08 21:00:00,,,,,,14.1462043112,,,,,,,0.0979772439949,3.63583020866,
2017-10-08 22:00:00,,,,,,14.1462043112,,,,,-93.2617626292,,0.0979772439949,3.63583020866,
2017-10-08 23:00:00,,,,,,14.1462043112,,,,,,,0.0979772439949,3.63583020866,
2017-10-09 00:00:00,,,,,,,,,,,,,,,
2017-10-09 01:00:00,,,,,,,,,,,,,,,
2017-10-09 02:00:00,,,,,,12.7872539831,,,,,,,0.0979772439949,,
2017-10-09 03:00:00,,,,,,14.1462043112,,,,,,,0.0979772439949,,
2017-10-09 04:00:00,,,,,,,,,,,,,0.0979772439949,3.63583020866,
2017-10-09 05:00:00,,,,,,,,,,,,,0.1201011378,3.63583020866,
2017-10-09 06:00:00,,,,,,,,,,,,,0.0979772439949,3.63583020866,
2017-10-09 07:00:00,,,,,,,,,,,,,,3.63583020866,
2017-10-09 08:00:00,,,,,,,,,,,,,,,
2017-10-09 09:00:00,,,,,,,,,,,,,,3.63583020866,
2017-10-09 10:00:00,,,,,,,,,,,,,,3.63583020866,
2017-10-09 11:00:00,,,,,,,,,,,,,0.0979772439949,3.63583020866,
2017-10-09 12:00:00,,,,,,,,,,,,,,3.63583020866,
2017-10-09 13:00:00,,,,,,,,,,,,,0.0979772439949,3.63583020866,
2017-10-09 14:00:00,,,,,,,43.8150039171,,,,3.05539508312,,0.0979772439949,3.63583020866,
2017-10-09 15:00:00,,,,,,13.3651983755,,,,,,,0.0979772439949,3.63583020866,36.5938303342
2017-10-09 16:00:00,,,,,,14.1462043112,44.4593024826,,,,0.889017266834,,0.0979772439949,3.63583020866,36.5938303342
2017-10-09 17:00:00,,,,,,14.1462043112,44.723708026,,,,0.860132229283,55.0085923874,,,36.5938303342
2017-10-09 18:00:00,,,,,,14.1462043112,,,,,,53.6851082384,0.0979772439949,3.63583020866,34.85218509
2017-10-09 19:00:00,,,,,,,21.1186752033,,,,1.69057705886,48.5450651483,0.0979772439949,3.63583020866,
2017-10-09 20:00:00,,,,,,,,,,,,,0.0979772439949,3.63583020866,23.9010282776
2017-10-09 21:00:00,,,,,,14.1462043112,,,,,18.328358688,40.0963116856,0.0979772439949,3.63583020866,
2017-10-09 22:00:00,,,,,,,,,,,,,0.0979772439949,3.63583020866,9.01028277635
2017-10-09 23:00:00,,,,,,-20.2805373321,,,,,19.4332113743,,0.0979772439949,3.63583020866,
2017-10-10 00:00:00,,,,,,,,,,,,,,,
2017-10-10 01:00:00,,,,,,,,,,,,,,,
2017-10-10 02:00:00,,,,,,-36.7910028116,,,,,,,,,
2017-10-10 03:00:00,,,,,,,,,,,19.4332113743,7.30160562224,0.0979772439949,3.63583020866,
2017-10-10 04:00:00,,,,,,-49.771321462,,,,,,10.2024982046,0.0979772439949,3.63583020866,
2017-10-10 05:00:00,,,,,,-55.1368322399,,,,,19.4332113743,8.12493587771,0.0979772439949,3.63583020866,
2017-10-10 06:00:00,,,,,,-61.8612933458,,,,,19.4332113743,7.64017133477,0.1201011378,3.63583020866,
2017-10-10 07:00:00,,,,,,-59.2371134021,,,,,19.4332113743,2.30776136247,0.0979772439949,3.63583020866,
2017-10-10 08:00:00,,,,,,,,,,,19.4332113743,,0.0979772439949,3.63583020866,
2017-10-10 09:00:00,,,,,,14.1462043112,,,,,7.50369086591,,,,
2017-10-10 10:00:00,,,,,,14.1462043112,,,,,14.9849155915,,0.0979772439949,,
2017-10-10 11:00:00,,,,,,,37.8856336278,,3.7492925863,,17.6351177868,76.3613163025,-0.189633375474,3.63583020866,
2017-10-10 12:00:00,,,,,,,,,,,,78.9852005745,-1.36219974716,3.63583020866,
2017-10-10 13:00:00,,,,,,,,,,,,,0.0537294563843,3.63583020866,36.5938303342
2017-10-10 14:00:00,,,,,,14.1462043112,38.2229786314,,,,12.6307850311,,,3.63583020866,36.5938303342
2017-10-10 15:00:00,,,,,,,,,,,11.3526221195,,-0.609987357775,3.63583020866,
2017-10-10 16:00:00,,,,,,14.1462043112,44.3590107248,,,,11.0709930034,66.3351544065,-1.46544458491,3.63583020866,36.5938303342
2017-10-10 17:00:00,,,,,,14.1462043112,44.4410676176,,,,9.27289941588,62.8879398789,-4.0391908976,,36.5938303342
2017-10-10 18:00:00,,,,,,14.1462043112,43.1555096307,,,,7.53257590346,,,3.63583020866,36.5938303342
2017-10-10 19:00:00,,,,,,,,,,,7.1570704153,55.1470965425,-3.48609355247,3.63583020866,
2017-10-10 20:00:00,,,,,,,,,,,8.89017266834,,-0.278128950695,3.63583020866,
2017-10-10 21:00:00,,,,,,14.1462043112,,,,,,46.6983430799,0.0979772439949,3.63583020866,
2017-10-10 22:00:00,,,,,,,,,,,17.3751524488,,0.0979772439949,3.63583020866,
2017-10-10 23:00:00,,,,,,,,,,,19.4332113743,29.9393403098,0.0979772439949,3.63583020866,
2017-10-11 00:00:00,,,,,,,,,,,,,,,
2017-10-11 01:00:00,,,,,,,,,,,,,,,
2017-10-11 02:00:00,,,,,,14.1462043112,,,67.9258630447,,19.4332113743,,,,
2017-10-11 03:00:00,,,,,,,,,,,19.4332113743,30.8973273828,0.0979772439949,3.63583020866,
2017-10-11 04:00:00,,,,,,14.1462043112,,,,,19.4332113743,29.3391556376,,3.63583020866,
2017-10-11 05:00:00,,,,,,14.1462043112,,,,,,27.0769211039,0.0979772439949,3.63583020866,-14.2159383033
2017-10-11 06:00:00,,,,,,14.1462043112,,,,,19.4332113743,23.0141325536,0.0979772439949,3.63583020866,-12.0565552699
2017-10-11 07:00:00,,,,,,14.1462043112,,,,,19.4332113743,22.6447881399,0.0979772439949,3.63583020866,-10.0771208226
2017-10-11 08:00:00,,,,,,14.1462043112,,,,,19.4332113743,26.7999127937,0.0979772439949,3.63583020866,
2017-10-11 09:00:00,,,,,,14.1462043112,,,,,19.4332113743,32.0169026367,0.0979772439949,,
2017-10-11 10:00:00,,,,,,14.1462043112,,,,,19.4332113743,,,3.63583020866,
2017-10-11 11:00:00,,,,,,,,,,,19.4332113743,31.3936339386,0.0979772439949,3.63583020866,-6.52956298201
2017-10-11 12:00:00,,,,,,14.1462043112,,,,,19.4332113743,28.6158561609,0.0979772439949,3.63583020866,
2017-10-11 13:00:00,,,,,,,,,,,,,0.0979772439949,,
2017-10-11 14:00:00,,,,,,,48.9086095578,,,,,,,3.63583020866,23.500428449
2017-10-11 15:00:00,,,,,,14.1462043112,,,,,18.7183066949,34.7562070381,,3.63583020866,
2017-10-11 16:00:00,,,,,,14.1462043112,45.0792878948,,,,18.6749791386,37.4416487124,,3.63583020866,24.6058269066
2017-10-11 17:00:00,,,,,,14.1462043112,45.6810384418,,,,13.9956030554,39.5884631169,,3.63583020866,27.4550128535
2017-10-11 18:00:00,,,,,,14.1462043112,47.8753005376,,,,17.9817382374,38.2034215656,,,
2017-10-11 19:00:00,,,,,,14.1462043112,44.8969392441,,,,19.4332113743,,,3.63583020866,
2017-10-11 20:00:00,,,,,,14.1462043112,,,,,,,,3.63583020866,
2017-10-11 21:00:00,,,,,,,35.5424534673,,,,,,,3.63583020866,
2017-10-11 22:00:00,,,,,,14.1462043112,,,,,,,,3.63583020866,
2017-10-11 23:00:00,,,,,,14.1462043112,,,,,19.4332113743,16.6429414179,,3.63583020866,
2017-10-12 00:00:00,,,,,,,,,,,,,,,
2017-10-12 01:00:00,,,,,,,,,,,,,,,
2017-10-12 02:00:00,,,,,,,,,,,,,,3.63583020866,
2017-10-12 03:00:00,,,,,,,32.0778291055,,,,,,,3.63583020866,
2017-10-12 04:00:00,,,,,,-54.3948766011,,,,,,,,3.63583020866,
2017-10-12 05:00:00,,,,,,,33.2387821812,,,,,,,3.63583020866,
2017-10-12 06:00:00,,,,,,-59.674476726,31.6766620742,,,,,,,3.63583020866,
2017-10-12 07:00:00,,,,,,,35.9132290569,,,,,,,3.63583020866,
2017-10-12 08:00:00,,,,,,14.1462043112,37.803576735,,,,19.4332113743,,-87.0037926675,3.63583020866,19.6658097686
2017-10-12 09:00:00,,,,,,14.1462043112,38.0223951158,,,,19.4332113743,,,3.63583020866,21.1632390746
2017-10-12 10:00:00,,,,,,,36.8857551936,,,,,,-90.1232616941,,
2017-10-12 11:00:00,,,,,,,40.9217386606,,,,,,-101.871049305,3.63583020866,24.383033419
2017-10-12 12:00:00,,,,,,,,,,,19.4332113743,8.3788601621,-96.9595448799,3.63583020866,
2017-10-12 13:00:00,,,,,,,,,,,,,-97.8223767383,3.63583020866,
2017-10-12 14:00:00,,,,,,,,,,,19.4332113743,,,3.63583020866,
2017-10-12 15:00:00,,,,,,,45.7722127671,,,,,,,3.63583020866,
2017-10-12 16:00:00,,,,,,13.2558575445,45.9545614177,,,,19.4332113743,-39.9360059505,-2.24715549937,3.63583020866,
2017-10-12 17:00:00,,,,,,13.5135895033,46.2463192587,,,,19.4332113743,-39.6359136144,0.127475769069,3.63583020866,2.66923736075
2017-10-12 18:00:00,,,,,,,46.6596428668,,,,19.4332113743,-35.6654611675,0.0979772439949,,
2017-10-12 19:00:00,,,,,,,43.2071750817,,,,,,,3.63583020866,
2017-10-12 20:00:00,,,,,,,41.0129129859,,,,,,0.0979772439949,,
2017-10-12 21:00:00,,,,,,,,,,,19.4332113743,,0.0979772439949,3.63583020866,
2017-10-12 22:00:00,,,,,,,42.7816948969,,,,,7.96334769673,-5.05689001264,3.63583020866,
2017-10-12 23:00:00,,,,,,,44.7875300538,,,,,,-12.4683944374,3.63583020866,
2017-10-13 00:00:00,,,,,,,,,,,,,,,
2017-10-13 01:00:00,,,,,,,,,,,,,,,
2017-10-13 02:00:00,,,,,,,,,,,19.4332113743,5.79344926644,-3.48609355247,3.63583020866,
2017-10-13 03:00:00,,,,,,14.1462043112,,,,,19.4332113743,,,3.63583020866,36.5938303342
2017-10-13 04:00:00,,,,,,14.1462043112,-44.3991949645,,,,19.4332113743,2.96180876167,-4.12768647282,3.63583020866,36.5938303342
2017-10-13 05:00:00,,,,,,14.1462043112,,,,,19.4332113743,3.3388478507,-1.47281921618,3.63583020866,
2017-10-13 06:00:00,,,,,,14.1462043112,-62.1234838047,,,,19.4332113743,2.13078383092,0.0537294563843,3.63583020866,36.5938303342
2017-10-13 07:00:00,,,,,,14.1462043112,,,,,,2.80791525598,0.0979772439949,3.63583020866,36.5938303342
2017-10-13 08:00:00,,,,,,14.1462043112,,,,,19.4332113743,,-1.78255372946,3.63583020866,36.587403599
2017-10-13 09:00:00,,,,,,,,,,,17.938410681,10.5025905407,-13.5893383902,3.63583020866,36.5938303342
2017-10-13 10:00:00,,,,,,14.1462043112,,,,,11.7642339046,13.4958192265,-18.8068900126,,36.5938303342
2017-10-13 11:00:00,,,,,,14.1462043112,,,,,8.51466718018,,,3.63583020866,36.5938303342
2017-10-13 12:00:00,,,,,,14.1462043112,,,,,12.1000224661,15.4079460347,-12.1144121365,3.63583020866,36.5938303342
2017-10-13 13:00:00,,,,,,,,,,,,,-14.7692793932,3.63583020866,
2017-10-13 14:00:00,,,,,,14.1462043112,,,,,2.47047307273,,-18.9728192162,,
2017-10-13 15:00:00,,,,,,14.1462043112,,,,,,24.8146865702,-11.4506953224,3.63583020866,36.5938303342
2017-10-13 16:00:00,,,,,,,,,,,9.12125296874,23.4527290448,-3.95069532238,3.63583020866,36.5938303342
2017-10-13 17:00:00,,,,,,14.1462043112,,,,,17.5556839335,20.3363855545,0.0979772439949,3.63583020866,36.5938303342
2017-10-13 18:00:00,,,,,,,,,,,19.4332113743,7.88640094388,0.0979772439949,3.63583020866,
2017-10-13 19:00:00,,,,,,,,,,,,,0.1201011378,,
2017-10-13 20:00:00,,,,,,,,,,,,,,3.63583020866,
2017-10-13 21:00:00,,,,,,-51.2474226804,,,,,,,,3.63583020866,
2017-10-13 22:00:00,,,,,,,,,,,,,,3.63583020866,
2017-10-13 23:00:00,,,,,,,,,,,,,0.0205436156764,,
2017-10-14 00:00:00,,,,,,,,,,,,,,,
2017-10-14 01:00:00,,,,,,,,,,,,,,,
2017-10-14 02:00:00,,,,,,-78.5435801312,,,,,,,,3.63583020866,
2017-10-14 03:00:00,,,,,,-80.2539831303,,,,,,,0.1201011378,,
2017-10-14 04:00:00,,,,,,-81.8238050609,,,,,,,,3.63583020866,
2017-10-14 05:00:00,,,,,,-83.8153701968,,,,,,,0.109039190898,2.64869622463,
2017-10-14 06:00:00,,,,,,-85.0727897532,,,,,,,0.0979772439949,3.63583020866,
2017-10-14 07:00:00,,,,,,-83.7216494845,,,,,,,0.1201011378,3.63583020866,
2017-10-14 08:00:00,,,,,,,,,,,,,0.1201011378,3.63583020866,
2017-10-14 09:00:00,,,,,,14.1462043112,18.0187481427,,,,17.8517555684,,0.0979772439949,3.63583020866,
2017-10-14 10:00:00,,,,,,,,,,,,,0.0979772439949,3.63583020866,
2017-10-14 11:00:00,,,,,,,,,,,12.1108543552,,0.0979772439949,,19.8264781491
2017-10-14 12:00:00,,,,,,14.1462043112,33.4332874085,,,,,,,,
2017-10-14 13:00:00,,,,,,,,,,,,,0.0979772439949,,
2017-10-14 14:00:00,,,,,,14.1462043112,39.280600805,,,,,,0.0979772439949,3.63583020866,
2017-10-14 15:00:00,,,,,,,,,,,,61.9338001436,-1.1409608091,-0.201791796663,
2017-10-14 16:00:00,,,,,,14.1462043112,34.6489450793,,-110.894170911,,,59.9254898943,-3.72945638432,3.63583020866,36.5938303342
2017-10-14 17:00:00,,,,,,14.1462043112,38.0223951158,,,,3.22870530843,,-4.19405815424,3.63583020866,36.5938303342
2017-10-14 18:00:00,,,,,,14.1462043112,42.198179215,,,,5.98000513512,68.4896634862,0.0094816687737,3.63583020866,
2017-10-14 19:00:00,,,,,,14.1462043112,37.8400464651,,,,,62.2108084539,0.0979772439949,,
2017-10-14 20:00:00,,,,,,,,,,,,,,-0.623264733663,
2017-10-14 21:00:00,,,,,,14.1462043112,27.6953832023,,,,19.4332113743,,0.1201011378,3.63583020866,
2017-10-14 22:00:00,,,,,,,,,,,,61.9338001436,0.0979772439949,2.07194378453,
2017-10-14 23:00:00,,,,,,,,,,,,,0.0979772439949,3.63583020866,
2017-10-15 00:00:00,,,,,,,,,,,,,,,
2017-10-15 01:00:00,,,,,,,,,,,,,,,
2017-10-15 02:00:00,,,,,,,21.7021908853,,,,,,,3.63583020866,
2017-10-15 03:00:00,,,,,,,22.1489450793,,,,,,0.0979772439949,,
2017-10-15 04:00:00,,,,,,-60.6741643236,27.6285220304,,,,,,,3.63583020866,
2017-10-15 05:00:00,,,,,,,26.0056190399,,,,,,0.0979772439949,3.63583020866,
2017-10-15 06:00:00,,,,,,-90.5085910653,25.7138611989,,,,,,0.0979772439949,3.63583020866,
2017-10-15 07:00:00,,,,,,,,,,,,,0.0979772439949,3.63583020866,
2017-10-15 08:00:00,,,,,,,33.0260420888,,,,,3.99289524982,0.0979772439949,3.63583020866,
2017-10-15 09:00:00,,,,,,,42.8911040873,,,,,17.4047142711,0.0979772439949,3.63583020866,-15.7583547558
2017-10-15 10:00:00,,,,,,,20.7175081719,,,,19.4332113743,,0.0979772439949,3.63583020866,-11.2853470437
2017-10-15 11:00:00,,,,,,14.1462043112,30.3819866548,,,,19.4332113743,45.6826459423,,3.63583020866,-9.31876606684
2017-10-15 12:00:00,,,,,,14.1462043112,31.9866547802,,,,19.4332113743,,,3.63583020866,
2017-10-15 13:00:00,,,,,,,,,,,,,,3.63583020866,
2017-10-15 14:00:00,,,,,,,45.5169246562,,,,6.8104499647,,,,36.529562982
2017-10-15 15:00:00,,,,,,14.1462043112,38.2229786314,,,,10.7677001091,,,3.63583020866,
2017-10-15 16:00:00,,,,,,14.1462043112,,,-119.128466327,,6.17497913858,83.240356007,,3.63583020866,36.5938303342
2017-10-15 17:00:00,,,,,,14.1462043112,41.6876029932,,,,,79.6623319996,,3.63583020866,36.5938303342
2017-10-15 18:00:00,,,,,,14.1462043112,45.4257503309,,,,10.1827780987,80.1240125167,,3.63583020866,
2017-10-15 19:00:00,,,,,,,40.8487992004,,,,19.2382373708,88.45734585,,3.63583020866,22.3693230506
2017-10-15 20:00:00,,,,,,12.5763823805,31.3849042332,,,,19.4332113743,,,,
2017-10-15 21:00:00,,,,,,14.1462043112,25.8779749845,,,,19.4332113743,78.2772904483,,3.63583020866,17.0651242502
2017-10-15 22:00:00,,,,,,,18.2193316584,,,,17.1910103344,,,3.63583020866,
2017-10-15 23:00:00,,,,,,8.77288347391,20.5078072237,,,,,,,3.63583020866,
2017-10-16 00:00:00,,,,,,,,,,,,,,,
2017-10-16 01:00:00,,,,,,,,,,,,,,,
2017-10-16 02:00:00,,,,,,14.1462043112,28.4126212281,,,,17.00686822,72.0907715194,,3.63583020866,
2017-10-16 03:00:00,,,,,,,24.3006591566,,,,9.42454586302,71.4905868472,,3.63583020866,
2017-10-16 04:00:00,,,,,,14.1462043112,24.3280114542,,,,19.4332113743,67.8125320611,,3.63583020866,
2017-10-16 05:00:00,,,,,,14.1462043112,23.6806737445,,,,19.4332113743,64.9231814917,,3.63583020866,
2017-10-16 06:00:00,,,,,,14.1462043112,20.5230029446,,,,19.4332113743,,,3.63583020866,
2017-10-16 07:00:00,,,,,,14.1462043112,21.6170948483,,,,19.4332113743,70.5210577614,,3.63583020866,
2017-10-16 08:00:00,,,,,,14.1462043112,,,,,13.410681045,66.8737816764,,3.63583020866,24.4087403599
2017-10-16 09:00:00,,,,,,14.1462043112,9.9771726504,,,,,69.1821842618,,3.63583020866,36.5938303342
2017-10-16 10:00:00,,,,,,14.1462043112,22.6321690034,,,,,73.9259515748,,3.63583020866,
2017-10-16 11:00:00,,,,,,,23.0698057649,,8.8285229202,,-4.91687528083,72.944880476,,3.63583020866,
2017-10-16 12:00:00,,,,,,9.62417994377,25.5770997109,,,,1.00816804673,73.9605776136,,,36.5938303342
2017-10-16 13:00:00,,,,,,,,,,,,,,2.83724990698,
2017-10-16 14:00:00,,,,,,,37.4206445687,,,,,95.7749820458,,,36.5938303342
2017-10-16 15:00:00,,,,,,13.3964386129,36.1442040144,,,,0.109121252969,,,1.36209462747,
2017-10-16 16:00:00,,,,,,14.1227741331,40.5205716293,,17.2043010753,,-1.50844084986,110.687262748,,0.463691788076,36.5938303342
2017-10-16 17:00:00,,,,,,12.5998125586,,,,,-2.23056678863,108.240356007,,-0.113060652031,36.5938303342
2017-10-16 18:00:00,,,,,,4.55545142143,40.3382229786,,,,,95.8442341233,,-1.74719256567,36.5938303342
2017-10-16 19:00:00,,,,,,2.00937207123,37.6576978145,,,,-11.3726811734,75.9919718888,,-3.10773678335,36.5938303342
2017-10-16 20:00:00,,,,,,,37.3841748386,,,,-13.0299602028,74.7685185185,,,35.5944730077
2017-10-16 21:00:00,,,,,,11.0221805686,46.045735743,,-3.61488398415,,-19.7565633224,77.1076998051,,-3.46266136188,36.5938303342
2017-10-16 22:00:00,,,,,,14.1462043112,42.1617094848,,,,-19.2149688683,71.9522673643,,-2.57534991556,35.4305912596
2017-10-16 23:00:00,,,,,,14.1462043112,,,-13.1437464629,,,,,-3.44047857572,
2017-10-17 00:00:00,,,,,,,,,,,,,,,
2017-10-17 01:00:00,,,,,,,,,,,,,,,
2017-10-17 02:00:00,,,,,,14.1462043112,,,,,-33.2964246742,56.0704575767,,-5.01545639294,36.5938303342
2017-10-17 03:00:00,,,,,,14.1462043112,,,,,-36.2426985044,46.9407253514,,-4.5052523113,36.5938303342
2017-10-17 04:00:00,,,,,,,,,,,-29.80855639,51.5229044834,,,36.5938303342
2017-10-17 05:00:00,,,,,,14.1462043112,,,,,,53.5619934339,,1.98321263989,36.5938303342
2017-10-17 06:00:00,,,,,,14.1462043112,,,,,-1.97060145067,51.9845850005,,3.63583020866,36.5809768638
2017-10-17 07:00:00,,,,,,14.1462043112,,,,,8.10305539508,,,3.63583020866,
2017-10-17 08:00:00,,,,,,14.1462043112,,,,,-11.5315488799,43.9282599774,,3.63583020866,36.5938303342
2017-10-17 09:00:00,,,,,,5.80506091846,,,,,,,,2.50450811461,36.5938303342
2017-10-17 10:00:00,,,,,,10.2099343955,,,29.428409734,,,108.932876783,,-0.771149974716,36.5938303342
2017-10-17 11:00:00,,,,,,10.9362699157,,,,,12.0025354644,114.473042988,,-0.357071299768,36.5938303342
2017-10-17 12:00:00,,,,,,,44.4957722128,,,,,,,,36.5938303342
2017-10-17 13:00:00,,,,,,,,,,,,,,-0.978189312191,
2017-10-17 14:00:00,,,,,,,50.2762244374,,10.7809847199,,-1.64564477823,,,,36.5938303342
2017-10-17 15:00:00,,,,,,14.1462043112,,,,,,,,-1.47730200074,36.5938303342
2017-10-17 16:00:00,,,,,,14.1462043112,47.3221762974,,8.24844368987,,,,,-0.911640953717,
2017-10-17 17:00:00,,,,,,13.3027179007,,,,,-3.48706592207,,,0.485874574234,36.5938303342
2017-10-17 18:00:00,,,,,,7.39831302718,48.4892076613,,-37.4646293152,,,83.8174566533,,2.57105647308,36.5938303342
2017-10-17 19:00:00,,,,,,7.74195563886,46.8845395359,,,,-14.2756274472,82.5247512055,,3.63583020866,36.5938303342
2017-10-17 20:00:00,,,,,,,,,,,,77.7463578537,,1.94993846066,36.5938303342
2017-10-17 21:00:00,,,,,,,38.8794337737,,,,-19.041658643,73.3834769673,,,36.5938303342
2017-10-17 22:00:00,,,,,,14.1462043112,,,,,,,,1.17354094513,36.028277635
2017-10-17 23:00:00,,,,,,14.1462043112,,,,,-15.9220745876,54.5238278445,,3.63583020866,30.633033419
2017-10-18 00:00:00,,,,,,,,,,,,,,,
2017-10-18 01:00:00,,,,,,,,,,,,,,,
2017-10-18 02:00:00,,,,,,14.1462043112,,,,,,55.6549451113,,3.63583020866,
2017-10-18 03:00:00,,,,,,14.1462043112,,,,,2.79542974517,55.6434030984,,3.63583020866,
2017-10-18 04:00:00,,,,,,14.1462043112,,,,,12.0675267989,52.1461731815,,3.63583020866,
2017-10-18 05:00:00,,,,,,,,,,,16.075325759,,,,
2017-10-18 06:00:00,,,,,,14.1462043112,,,,,17.0501957764,60.9796604083,,3.63583020866,
2017-10-18 07:00:00,,,,,,14.1462043112,,,,,4.46354066371,73.0141325536,,3.63583020866,
2017-10-18 08:00:00,,,,,,14.1462043112,,,,,-9.39405610116,,,3.63583020866,
2017-10-18 09:00:00,,,,,,13.3964386129,,,,,,,,3.63583020866,
2017-10-18 10:00:00,,,,,,12.0023430178,,,,,,,,3.63583020866,35.3823907455
2017-10-18 11:00:00,,,,,,13.4901593252,,,,,15.0715707042,119.020596081,,3.48794496761,36.5938303342
2017-10-18 12:00:00,,,,,,14.1462043112,,,43.350311262,,13.5623274921,,,3.26981423706,35.5655526992
2017-10-18 13:00:00,,,,,,,,,,,,,,,
2017-10-18 14:00:00,,,,,,,49.9479968663,,,,6.13165158226,114.411485585,,2.79288433466,36.5938303342
2017-10-18 15:00:00,,,,,,14.1462043112,,,,,3.67281276077,,,3.0368949824,35.5719794344
2017-10-18 16:00:00,,,,,,14.1462043112,48.0454926115,,37.492925863,,5.43841068104,113.365009747,,3.21435727166,
2017-10-18 17:00:00,,,,,,13.9119025305,47.5409946781,,26.584606678,,5.95834135695,,,2.81506712082,36.5938303342
2017-10-18 18:00:00,,,,,,10.3505154639,,,,,1.7266833558,,,3.41400234708,36.5938303342
2017-10-18 19:00:00,,,,,,13.1621368322,46.4833725045,,-11.0427277872,,,89.5192110393,,3.63583020866,36.5938303342
2017-10-18 20:00:00,,,,,,14.1462043112,43.2922711187,,,,-4.47276782849,84.1060069765,,3.63583020866,
2017-10-18 21:00:00,,,,,,14.1462043112,,,,,-6.2167019706,87.4185646866,,,36.5938303342
2017-10-18 22:00:00,,,,,,,38.1257260178,,,,,94.0744588078,,3.63583020866,
2017-10-18 23:00:00,,,,,,14.1462043112,,,,,-8.64304512485,70.2902175028,,3.63583020866,
2017-10-19 00:00:00,,,,,,,,,,,,,,,
2017-10-19 01:00:00,,,,,,,,,,,,,,,
2017-10-19 02:00:00,,,,,,14.1462043112,30.9290326066,,,,,,,,
2017-10-19 03:00:00,,,,,,14.1462043112,25.440338223,,,,,47.1138555453,,3.63583020866,
2017-10-19 04:00:00,,,,,,14.1462043112,20.4743766378,,,,10.8110276654,49.2837539756,,3.63583020866,
2017-10-19 05:00:00,,,,,,14.1462043112,22.349528595,,,,14.1039219462,59.1944957423,,,
2017-10-19 06:00:00,,,,,,,20.4804549261,,,,19.4332113743,67.566302452,,3.63583020866,
2017-10-19 07:00:00,,,,,,14.1462043112,18.8575519356,,,,19.4332113743,,,3.63583020866,
2017-10-19 08:00:00,,,,,,14.1462043112,17.5811113813,,,,19.4332113743,61.1951113163,,3.63583020866,
2017-10-19 09:00:00,,,,,,14.1462043112,10.8889159035,,,,,,,3.63583020866,
2017-10-19 10:00:00,,,,,,12.145267104,,,,,9.29456319404,,,3.63583020866,
2017-10-19 11:00:00,,,,,,12.6747891284,27.4917605425,,,,,103.084923566,,3.63583020866,36.5938303342
2017-10-19 12:00:00,,,,,,14.1462043112,37.1835913229,,53.1126202603,,16.0103344245,,,3.63583020866,
2017-10-19 13:00:00,,,,,,,,,,,,,,,
2017-10-19 14:00:00,,,,,,14.1462043112,,,,,,102.746357854,,3.23654005782,36.5938303342
2017-10-19 15:00:00,,,,,,,41.9428911041,,,,5.98000513512,,,3.56928185019,
2017-10-19 16:00:00,,,,,,14.1462043112,43.2922711187,,53.1126202603,,6.49271455164,101.176644096,,3.63583020866,36.5938303342
2017-10-19 17:00:00,,,,,,14.1462043112,42.5507199395,,53.1126202603,,6.72379485204,100.922719811,,3.54709906403,
2017-10-19 18:00:00,,,,,,11.4283036551,41.2864359619,,,,3.05539508312,,,,36.5938303342
2017-10-19 19:00:00,,,,,,13.8416119963,,,15.4499151104,,1.10565504846,74.9531907254,,3.63583020866,36.5938303342
2017-10-19 20:00:00,,,,,,14.1462043112,,,22.000565931,,-0.844084986199,68.5127475121,,3.63583020866,
2017-10-19 21:00:00,,,,,,14.1462043112,29.6161223222,,,,-3.98533281982,74.214501898,,3.63583020866,36.5938303342
2017-10-19 22:00:00,,,,,,14.1462043112,35.2871653565,,,,-3.33541947493,72.3062224274,,,
2017-10-19 23:00:00,,,,,,,,,,,-2.55552346107,70.2325074382,,3.63583020866,
2017-10-20 00:00:00,,,,,,,,,,,,,,,
2017-10-20 01:00:00,,,,,,,,,,,,,,,
2017-10-20 02:00:00,,,,,,14.1462043112,,,,,-1.49399833109,,,3.63583020866,
2017-10-20 03:00:00,,,,,,14.1462043112,,,,,-3.59538481289,66.1197034985,,3.63583020866,
2017-10-20 04:00:00,,,,,,14.1462043112,,,-4.31522354273,,,64.8423874013,,3.63583020866,36.5938303342
2017-10-20 05:00:00,,,,,,14.1462043112,,,,,-7.86314911098,69.2052682877,,3.63583020866,
2017-10-20 06:00:00,,,,,,14.1462043112,,,17.4589700057,,-8.66470890301,72.0215194419,,3.63583020866,36.5938303342
2017-10-20 07:00:00,,,,,,14.1462043112,,,22.7009054895,,-8.33975223057,69.9208730892,,3.63583020866,36.5938303342
2017-10-20 08:00:00,,,,,,14.1462043112,,,14.8061686474,,-7.12658065344,71.4751974967,,3.63583020866,36.5938303342
2017-10-20 09:00:00,,,,,,14.1462043112,,,,,-0.324154310289,82.3862470504,,3.63583020866,
2017-10-20 10:00:00,,,,,,13.6541705717,,,,,14.0894794274,,,3.63583020866,
2017-10-20 11:00:00,,,,,,14.0524835989,,,53.1126202603,,16.0536619809,116.250512978,,3.63583020866,35.7712082262
2017-10-20 12:00:00,,,,,,14.1462043112,,,,,14.8404904037,,,3.28090563013,36.5938303342
2017-10-20 13:00:00,,,,,,,,,,,,,,3.08865481677,
2017-10-20 14:00:00,,,,,,,,,53.1126202603,,,116.619857392,,,36.5938303342
2017-10-20 15:00:00,,,,,,14.1462043112,,,,,9.56536042108,,,2.46014254229,35.6369608683
2017-10-20 16:00:00,,,,,,,,,53.1126202603,,8.94794274344,111.856853391,,2.10521796376,36.5938303342
2017-10-20 17:00:00,,,,,,14.1462043112,,,53.1126202603,,8.60132229283,116.919949728,,2.36401713561,
2017-10-20 18:00:00,,,,,,,,,53.1126202603,,6.43494447654,,,2.68197040387,36.5938303342
2017-10-20 19:00:00,,,,,,9.31958762887,,,53.1126202603,,3.34424545863,110.871934954,,3.63583020866,36.5938303342
2017-10-20 20:00:00,,,,,,13.8884723524,,,,,1.04066371397,98.9605776136,,3.63583020866,
2017-10-20 21:00:00,,,,,,14.1462043112,,,,,,91.6429414179,,3.63583020866,
2017-10-20 22:00:00,,,,,,14.1462043112,,,,,-3.44373836575,,,,36.5938303342
2017-10-20 23:00:00,,,,,,14.1462043112,,,,,-5.36459336287,83.1133938648,,3.63583020866,
2017-10-21 00:00:00,,,,,,,,,,,,,,,
2017-10-21 01:00:00,,,,,,,,,,,,,,,
2017-10-21 02:00:00,,,,,,14.1462043112,,,,,-9.24963091341,,,3.63583020866,36.5938303342
2017-10-21 03:00:00,,,,,,14.1462043112,,,,,-9.79844662687,82.6632553606,,3.63583020866,
2017-10-21 04:00:00,,,,,,14.1462043112,,,,,-0.0425251941716,77.9310300605,,3.63583020866,-7.51285347044
2017-10-21 05:00:00,,,,,,14.1462043112,,,,,,78.2772904483,,3.63583020866,
2017-10-21 06:00:00,,,,,,14.1462043112,,,-22.0147142049,,1.53893061172,77.7694418796,,,
2017-10-21 07:00:00,,,,,,14.1462043112,,,-20.090548953,,-0.47580075743,80.0085923874,,3.63583020866,-2.06083976007
2017-10-21 08:00:00,,,,,,,,,-8.43237125071,,-2.68550613005,84.5561454807,,3.63583020866,
2017-10-21 09:00:00,,,,,,14.1462043112,,,,,-0.172507863149,90.3271519442,,3.63583020866,
2017-10-21 10:00:00,,,,,,13.2480474852,,,53.1126202603,,11.8552217729,,,3.63583020866,36.5938303342
2017-10-21 11:00:00,,,,,,14.1462043112,,,53.1126202603,,17.2090634829,,,3.63583020866,36.5938303342
2017-10-21 12:00:00,,,,,,14.1462043112,,,53.1126202603,,17.3318248925,123.060300605,,3.57667611224,36.5938303342
2017-10-21 13:00:00,,,,,,,,,53.1126202603,,,,,3.50273349171,
2017-10-21 14:00:00,,,,,,,46.319258719,,,,,123.060300605,,3.54709906403,36.5938303342
2017-10-21 15:00:00,,,,,,14.1462043112,,,53.1126202603,,,119.297604391,,,36.5938303342
2017-10-21 16:00:00,,,,,,14.1462043112,44.3134235621,,53.1126202603,,9.00571281854,123.014132554,,2.1939491084,36.5938303342
2017-10-21 17:00:00,,,,,,,45.8086824972,,,,7.92974516978,123.060300605,,3.32527120245,36.5938303342
2017-10-21 18:00:00,,,,,,9.31958762887,44.7875300538,,,,5.56839335002,123.060300605,,3.63583020866,
2017-10-21 19:00:00,,,,,,11.2174320525,45.3953588892,,53.1126202603,,3.95083124719,,,3.63583020866,36.5938303342
2017-10-21 20:00:00,,,,,,14.1462043112,44.3316584272,,53.1126202603,,-1.32068810578,117.012285832,,3.63583020866,36.5938303342
2017-10-21 21:00:00,,,,,,14.1462043112,,,52.2354272779,,0.0802362154182,99.7916025444,,3.63583020866,36.5938303342
2017-10-21 22:00:00,,,,,,14.1462043112,,,,,,,,3.63583020866,
2017-10-21 23:00:00,,,,,,14.1462043112,,,42.9258630447,,-3.7037037037,82.2708269211,,,
2017-10-22 00:00:00,,,,,,,,,,,,,,,
2017-10-22 01:00:00,,,,,,,,,,,,,,,
2017-10-22 02:00:00,,,,,,,26.9538320231,,,,,70.5210577614,,,
2017-10-22 03:00:00,,,,,,14.1462043112,23.8174352325,,,,16.0103344245,,,3.63583020866,
2017-10-22 04:00:00,,,,,,14.1462043112,19.3134235621,,,,19.4332113743,68.6512516672,,3.63583020866,
2017-10-22 05:00:00,,,,,,14.1462043112,,,,,16.0392194621,68.5589155638,,3.63583020866,
2017-10-22 06:00:00,,,,,,14.1696344892,17.9275738174,,,,,60.5949266441,,3.63583020866,
2017-10-22 07:00:00,,,,,,14.1462043112,16.1952616365,,,,19.4332113743,,,,
2017-10-22 08:00:00,,,,,,14.1462043112,9.77658913472,,,,19.4332113743,53.6004668103,,3.63583020866,
2017-10-22 09:00:00,,,,,,14.1462043112,-1.65667125915,,,,13.8872841646,,,3.63583020866,
2017-10-22 10:00:00,,,,,,,10.3236350866,,49.4941992077,,12.1433500225,,,3.63583020866,
2017-10-22 11:00:00,,,,,,13.8416119963,14.3231488235,,53.1126202603,,16.465273766,,,3.63583020866,36.5938303342
2017-10-22 12:00:00,,,,,,14.0407685098,17.3622930005,,53.1126202603,,12.9774054817,,,3.63583020866,
2017-10-22 13:00:00,,,,,,,,,,,,,,3.63583020866,
2017-10-22 14:00:00,,,,,,,19.2344058135,,,,,,,3.63583020866,36.5938303342
2017-10-22 15:00:00,,,,,,14.1462043112,,,,,,97.8525443726,,,
2017-10-22 16:00:00,,,,,,14.1462043112,,,53.1126202603,,7.64811605366,104.500743819,,3.63583020866,36.5938303342
2017-10-22 17:00:00,,,,,,13.0215557638,,,53.1126202603,,7.32315938122,85.6410946958,,3.63583020866,36.5938303342
2017-10-22 18:00:00,,,,,,,,,49.7736276174,,5.74170357533,80.2625166718,,3.63583020866,36.5938303342
2017-10-22 19:00:00,,,,,,14.1462043112,,,29.6406338427,,5.5250657937,74.3299220273,,3.63583020866,
2017-10-22 20:00:00,,,,,,14.1462043112,,,18.8172043011,,6.42411258746,,,3.63583020866,-5.91259640103
2017-10-22 21:00:00,,,,,,14.1462043112,,,21.9156762875,,,80.5856930338,,3.63583020866,-14.5822622108
2017-10-22 22:00:00,,,,,,14.1462043112,,,,,16.3713973939,81.2474351082,,3.63583020866,
2017-10-22 23:00:00,,,,,,14.1462043112,,,,,,82.6517133477,,,
2017-10-23 00:00:00,,,,,,,,,,,,,,,
2017-10-23 01:00:00,,,,,,,,,,,,,,,
2017-10-23 02:00:00,,,,,,,,,,,19.4332113743,,,,
2017-10-23 03:00:00,,,,,,14.1462043112,,,,,19.4332113743,,,,
2017-10-23 04:00:00,,,,,,14.1462043112,,,,,19.4332113743,,,-37.7350659759,
2017-10-23 05:00:00,,,,,,14.1462043112,,,,,,,,,
2017-10-23 06:00:00,,,,,,14.1462043112,,,,,,,,-39.4209577239,
2017-10-23 07:00:00,,,,,,14.1462043112,,,,,,,,,
2017-10-23 08:00:00,,,,,,14.1462043112,,,,,,,,-31.146778487,
2017-10-23 09:00:00,,,,,,14.1462043112,,,,,19.4332113743,,,,
2017-10-23 10:00:00,,,,,,,,,,,19.4332113743,,,3.62473881558,
2017-10-23 11:00:00,,,,,,14.1462043112,,,,,19.3682200398,,,3.63583020866,
2017-10-23 12:00:00,,,,,,14.1462043112,,,,,12.2625008024,,,3.14780891319,
2017-10-23 13:00:00,,,,,,,,,,,,,,1.35839749645,
2017-10-23 14:00:00,,,,,,14.1462043112,,,,,,,,3.63583020866,36.5938303342
2017-10-23 15:00:00,,,,,,14.1462043112,,,,,9.79283009179,51.7191187032,,1.09590119358,
2017-10-23 16:00:00,,,,,,14.1462043112,23.9268444228,,,,,46.9522673643,,,36.5938303342
2017-10-23 17:00:00,,,,,,,23.5986168517,,,,9.33789075037,45.3594695804,,3.63583020866,36.5938303342
2017-10-23 18:00:00,,,,,,,21.1004403382,,,,10.2044418769,36.9338001436,,3.63583020866,35.6555269923
2017-10-23 19:00:00,,,,,,,19.276953832,,,,12.5008023622,32.132322766,,3.63583020866,
2017-10-23 20:00:00,,,,,,14.1462043112,,,,,17.1801784453,,,3.63583020866,
2017-10-23 21:00:00,,,,,,14.1462043112,,,,,19.4332113743,,,3.63583020866,0.829048843188
2017-10-23 22:00:00,,,,,,,,,,,19.4332113743,,,-0.416225396189,
2017-10-23 23:00:00,,,,,,,,,,,19.4332113743,,,0.818616366603,
2017-10-24 00:00:00,,,,,,,,,,,,,,,
2017-10-24 01:00:00,,,,,,,,,,,,,,,
2017-10-24 02:00:00,,,,,,,,,,,19.4332113743,,,,
2017-10-24 03:00:00,,,,,,,,,,,19.4332113743,,,3.63583020866,
2017-10-24 04:00:00,,,,,,,,,,,19.4332113743,,,3.63583020866,
2017-10-24 05:00:00,,,,,,-20.5616994689,,,,,19.4332113743,,,3.63583020866,
2017-10-24 06:00:00,,,,,,,,,,,19.4332113743,,,3.63583020866,-51.7030848329
2017-10-24 07:00:00,,,,,,9.21024679788,,,,,19.4332113743,-53.7633374372,,3.63583020866,
2017-10-24 08:00:00,,,,,,14.1462043112,,,,,,,,,
2017-10-24 09:00:00,,,,,,,,,,,17.00686822,,,3.63583020866,
2017-10-24 10:00:00,,,,,,14.1462043112,,,,,11.7534020155,,,3.63583020866,
2017-10-24 11:00:00,,,,,,,,,32.8876627051,,13.9739392772,69.943957115,,3.63583020866,
2017-10-24 12:00:00,,,,,,14.1227741331,,,,,16.8118942166,,,3.63583020866,
2017-10-24 13:00:00,,,,,,,,,,,,,,3.63583020866,
2017-10-24 14:00:00,,,,,,,33.5366183105,,,,,,,,36.5938303342
2017-10-24 15:00:00,,,,,,14.1462043112,,,,,9.26567815649,,,3.63583020866,
2017-10-24 16:00:00,,,,,,14.1462043112,35.6883323878,,24.7594793435,,6.75990114898,70.0824612701,,,36.5938303342
2017-10-24 17:00:00,,,,,,13.6073102156,35.8342113083,,,,,,,3.63583020866,36.5938303342
2017-10-24 18:00:00,,,,,,14.0212433614,29.9808196234,,16.3978494624,,5.43841068104,63.780522212,,3.63583020866,36.5938303342
2017-10-24 19:00:00,,,,,,14.1462043112,31.4031390983,,16.143180532,,4.59352333269,57.7786754899,,3.63583020866,
2017-10-24 20:00:00,,,,,,,,,,,,46.8137632092,,3.63583020866,
2017-10-24 21:00:00,,,,,,14.1462043112,29.1784855607,,0.863044708546,,5.89335002247,51.6844926644,,3.63583020866,
2017-10-24 22:00:00,,,,,,14.1462043112,,,,,5.82835868798,51.1920334462,,3.63583020866,-22.1593830334
2017-10-24 23:00:00,,,,,,14.1462043112,,,,,7.31593812183,,,3.63583020866,
2017-10-25 00:00:00,,,,,,,,,,,,,,,
2017-10-25 01:00:00,,,,,,,,,,,,,,,
2017-10-25 02:00:00,,,,,,14.1462043112,,,,,,,,3.63583020866,35.0385604113
2017-10-25 03:00:00,,,,,,14.1462043112,,,,,-5.61011618204,49.8723966349,,3.63583020866,36.5938303342
2017-10-25 04:00:00,,,,,,,,,17.8409734012,,-13.2068810578,48.429645019,,3.63583020866,
2017-10-25 05:00:00,,,,,,13.4432989691,,,21.4983022071,,-12.3150555235,49.0990817687,,,36.5938303342
2017-10-25 06:00:00,,,,,,14.1462043112,,,,,-15.9220745876,42.5893864779,,3.63583020866,
2017-10-25 07:00:00,,,,,,14.1462043112,,,,,-16.7019706015,,,3.63583020866,
2017-10-25 08:00:00,,,,,,11.4283036551,,,,,-14.5789203415,48.0141325536,,,36.5938303342
2017-10-25 09:00:00,,,,,,3.7900656045,11.7824242915,,,,,54.1160100544,,3.63583020866,36.5938303342
2017-10-25 10:00:00,,,,,,9.10871602624,,,43.024016695,,5.16761345401,,,2.42686836305,36.5938303342
2017-10-25 11:00:00,,,,,,11.1705716963,,,46.9581211092,,11.7425701265,98.9374935878,,1.30663766208,36.5938303342
2017-10-25 12:00:00,,,,,,,,,46.7883418223,,7.49646960652,,,1.47300855826,
2017-10-25 13:00:00,,,,,,,,,43.4675398173,,,,,1.38797454466,36.5938303342
2017-10-25 14:00:00,,,,,,,33.1172164141,,,,3.14205019578,92.0815379091,,0.796433580445,36.5938303342
2017-10-25 15:00:00,,,,,,14.1462043112,,,,,0.358254701842,,,1.06262701434,36.5938303342
2017-10-25 16:00:00,,,,,,13.9587628866,,,45.0268817204,,0.744592079081,,,0.130949995707,36.5938303342
2017-10-25 17:00:00,,,,,,13.1387066542,19.7692951887,,43.7747594793,,-0.35303934784,88.9190263671,,,36.5938303342
2017-10-25 18:00:00,,,,,,6.41424554827,28.7165356458,,40.3367289191,,,82.0861547143,,-0.246157368978,36.5938303342
2017-10-25 19:00:00,,,,,,3.46204311153,18.0187481427,,,,-7.08325309712,73.5065917718,,0.441509001918,36.5938303342
2017-10-25 20:00:00,,,,,,7.39831302718,,,23.2220335786,,-11.1668752808,63.9882784446,,2.30486303918,
2017-10-25 21:00:00,,,,,,,-8.3488667369,,11.1983588002,,-15.5971179151,59.4638093772,,3.12562612703,36.5938303342
2017-10-25 22:00:00,,,,,,14.1462043112,,,,,-17.6335130625,58.5789217195,,3.63583020866,36.5938303342
2017-10-25 23:00:00,,,,,,14.1462043112,,,,,-20.2981577765,54.3391556376,,3.63583020866,36.5938303342
2017-10-26 00:00:00,,,,,,,,,,,,,,,
2017-10-26 01:00:00,,,,,,,,,,,,,,,
2017-10-26 02:00:00,,,,,,14.1462043112,,,,,-23.5910520573,49.699266441,,3.63583020866,36.5938303342
2017-10-26 03:00:00,,,,,,14.1462043112,-36.612907583,,,,-23.5910520573,46.9522673643,,3.63583020866,36.5938303342
2017-10-26 04:00:00,,,,,,14.1462043112,-44.3991949645,,13.2993774759,,-22.4861993709,44.9901251667,,3.63583020866,
2017-10-26 05:00:00,,,,,,,,,,,-24.6742409654,49.9185646866,,3.63583020866,36.5938303342
2017-10-26 06:00:00,,,,,,14.1462043112,-62.9926790394,,,,-25.3674818666,48.268056838,,3.63583020866,36.5938303342
2017-10-26 07:00:00,,,,,,,-65.2598805954,,,,-24.9991976378,49.6761824151,,3.63583020866,36.5938303342
2017-10-26 08:00:00,,,,,,14.1462043112,-68.4327471162,,,,-22.7678284871,,,3.63583020866,36.5938303342
2017-10-26 09:00:00,,,,,,13.9353327085,-75.6355188157,,-8.31918505942,,-21.3596829065,54.8008361547,,,36.5938303342
2017-10-26 10:00:00,,,,,,4.17666354264,,,,,,,,3.63583020866,36.5938303342
2017-10-26 11:00:00,,,,,,2.85285848172,,,,,-10.5783426407,68.9282599774,,3.6136474225,36.5938303342
2017-10-26 12:00:00,,,,,,3.39175257732,,,32.7815506508,,-8.87051479556,74.0606083923,,,
2017-10-26 13:00:00,,,,,,,,,,,,,,1.75768764729,36.5938303342
2017-10-26 14:00:00,,,,,,12.5529522024,,,,,-2.90214391168,78.2311223966,,0.397143429602,36.5938303342
2017-10-26 15:00:00,,,,,,13.3964386129,,,,,-6.94604916876,74.2760593003,,0.421790969776,36.5938303342
2017-10-26 16:00:00,,,,,,12.5763823805,16.7605424535,,40.3791737408,,-6.2167019706,,,-0.357071299768,36.5938303342
2017-10-26 17:00:00,,,,,,8.83536394877,,,40.6126202603,,-7.97868926118,77.861777983,,,36.5938303342
2017-10-26 18:00:00,,,,,,2.27491408935,14.5905935111,,38.8723825693,,-12.1959047436,72.9679645019,,-2.08732862009,36.5938303342
2017-10-26 19:00:00,,,,,,-1.34895345205,6.07491152714,,35.597057159,,,66.8506976506,,-0.778544236769,36.5938303342
2017-10-26 20:00:00,,,,,,8.35895032802,-6.69861144879,,,,-21.43550613,61.56445573,,2.16437206019,36.5938303342
2017-10-26 21:00:00,,,,,,13.9353327085,-7.87476024529,,,,-25.0316933051,59.6715656099,,3.4583679194,
2017-10-26 22:00:00,,,,,,,-13.536685847,,8.26259196379,,-28.4870659221,54.3622396635,,3.63583020866,36.5938303342
2017-10-26 23:00:00,,,,,,14.1462043112,-14.2934327471,,6.06556714367,,,49.268364625,,3.63583020866,36.5938303342
2017-10-27 00:00:00,,,,,,,,,,,,,,,
2017-10-27 01:00:00,,,,,,,,,,,,,,,
2017-10-27 02:00:00,,,,,,14.1462043112,-12.4699462409,,,,,44.7592849082,,3.63583020866,
2017-10-27 03:00:00,,,,,,14.1462043112,-13.6005078748,,,,,,,3.63583020866,
2017-10-27 04:00:00,,,,,,14.1462043112,-13.9469703109,,28.8766270515,,-39.6872392323,39.888555453,,3.63583020866,
2017-10-27 05:00:00,,,,,,14.1462043112,-12.9258178675,,,,-37.1742409654,38.3188416949,,3.63583020866,
2017-10-27 06:00:00,,,,,,,-13.0534619229,,,,,36.2643633939,,3.63583020866,-13.7982005141
2017-10-27 07:00:00,,,,,,14.1462043112,,,-6.64968873797,,5.17844534309,31.7398943265,,3.60625316045,
2017-10-27 08:00:00,,,,,,14.1462043112,,,,,-4.15864304512,,,3.63583020866,
2017-10-27 09:00:00,,,,,,14.1462043112,,,,,-10.6361127158,,,,
2017-10-27 10:00:00,,,,,,6.74226804124,,,,,7.73477116631,87.8340771519,,3.63583020866,36.5938303342
2017-10-27 11:00:00,,,,,,7.89815682599,,,52.688172043,,,86.1643326152,,3.63583020866,36.5938303342
2017-10-27 12:00:00,,,,,,11.73289597,,,,,,86.56445573,,3.63583020866,36.5938303342
2017-10-27 13:00:00,,,,,,,,,,,,,,3.63583020866,
2017-10-27 14:00:00,,,,,,13.8650421743,,,,,,,,2.74851876234,36.5938303342
2017-10-27 15:00:00,,,,,,,,,,,,,,,36.5938303342
2017-10-27 16:00:00,,,,,,12.9278350515,26.4310992247,,,,-0.035303934784,77.0307530522,,3.63583020866,36.5938303342
2017-10-27 17:00:00,,,,,,9.22586691659,28.7773185293,,24.3350311262,,-0.757429873548,76.2766748743,,3.54709906403,36.5938303342
2017-10-27 18:00:00,,,,,,11.3345829428,,,,,-3.66037614738,70.4595003591,,,36.5938303342
2017-10-27 19:00:00,,,,,,14.1462043112,18.3105059837,,-6.62139219015,,-4.05032415431,65.6964963579,,3.63583020866,36.5938303342
2017-10-27 20:00:00,,,,,,14.1462043112,7.59752275981,,,,,59.6253975582,,3.63583020866,
2017-10-27 21:00:00,,,,,,14.1462043112,6.621957479,,,,2.81709352333,59.1406330153,,3.63583020866,
2017-10-27 22:00:00,,,,,,14.1462043112,0.832387821812,,,,,55.6549451113,,3.63583020866,
2017-10-27 23:00:00,,,,,,,-1.67490612421,,,,,,,3.63583020866,
2017-10-28 00:00:00,,,,,,,,,,,,,,,
2017-10-28 01:00:00,,,,,,,,,,,,,,,
2017-10-28 02:00:00,,,,,,14.1462043112,,,,,-5.22016817511,58.3788601621,,,
2017-10-28 03:00:00,,,,,,14.1462043112,,,-51.0151386531,,-8.7297002375,57.4670411409,,3.63583020866,35.3856041131
2017-10-28 04:00:00,,,,,,14.1462043112,32.7160493827,,-75.4527447651,,,55.1009284908,,3.63583020866,
2017-10-28 05:00:00,,,,,,14.1462043112,,,,,-6.43333975223,53.1272442803,,3.63583020866,
2017-10-28 06:00:00,,,,,,14.1462043112,,,,,-1.49399833109,51.753744742,,3.63583020866,-8.83033419023
2017-10-28 07:00:00,,,,,,,,,-11.5166949632,,1.30062905193,51.6383246127,,3.63583020866,
2017-10-28 08:00:00,,,,,,14.1462043112,,,,,6.52159958919,47.483199959,,3.60625316045,
2017-10-28 09:00:00,,,,,,14.1462043112,,,,,-1.97060145067,,,3.63583020866,
2017-10-28 10:00:00,,,,,,10.7722586692,,,,,7.56146094101,69.0898481584,,,36.5938303342
2017-10-28 11:00:00,,,,,,9.63719670936,,,,,8.44967584569,,,3.63583020866,36.5938303342
2017-10-28 12:00:00,,,,,,11.2642924086,,,53.1126202603,,,73.5681491741,,3.63583020866,36.5938303342
2017-10-28 13:00:00,,,,,,,,,,,,,,3.20696300961,36.5938303342
2017-10-28 14:00:00,,,,,,,37.0559472675,,,,,,,,
2017-10-28 15:00:00,,,,,,,32.788988843,,,,-0.959625136402,,,2.42317123203,36.5938303342
2017-10-28 16:00:00,,,,,,,34.1869951644,,,,3.29369664292,77.5693803222,,2.28268025303,36.5938303342
2017-10-28 17:00:00,,,,,,,36.6730151012,,,,3.74863598434,68.3357699805,,3.48794496761,36.5938303342
2017-10-28 18:00:00,,,,,,,,,28.2399547255,,5.46007445921,60.2255822304,,3.63583020866,36.4588688946
2017-10-28 19:00:00,,,,,,14.1462043112,31.4396088284,,21.4487832484,,5.71281853778,,,,
2017-10-28 20:00:00,,,,,,14.1462043112,18.3013885512,,,,6.99820270877,61.0719965117,,3.63583020866,
2017-10-28 21:00:00,,,,,,,25.6773914688,,,,,62.457038063,,3.63583020866,
2017-10-28 22:00:00,,,,,,14.1462043112,,,-24.9646293152,,,61.5028983277,,,
2017-10-28 23:00:00,,,,,,14.1462043112,,,,,,63.7035754591,,3.63583020866,
2017-10-29 00:00:00,,,,,,,,,,,,,,,
2017-10-29 01:00:00,,,,,,,,,,,,,,,
2017-10-29 02:00:00,,,,,,,,,,,,,,3.63583020866,
2017-10-29 03:00:00,,,,,,,,,,,19.4332113743,,,,
2017-10-29 04:00:00,,,,,,,,,-84.6632710809,,19.4620964118,7.59400328306,,3.63583020866,
2017-10-29 05:00:00,,,,,,,,,,,,,,,
2017-10-29 06:00:00,,,,,,,,,,,,,,-28.617940865,
2017-10-29 07:00:00,,,,,,,,,,,,,,-27.9746400664,
2017-10-29 08:00:00,,,,,,-161.20524836,,,,,,,,-21.4307181498,
2017-10-29 09:00:00,,,,,,-161.20524836,,,,,,,,-13.311818416,
2017-10-29 10:00:00,,,,,,,,,,,,,,2.72633597619,
2017-10-29 11:00:00,,,,,,-107.292408622,,,,,19.4332113743,,,,
2017-10-29 12:00:00,,,,,,-119.101218369,,,,,19.4332113743,,,3.63583020866,
2017-10-29 13:00:00,,,,,,,,,,,,,,3.63583020866,
2017-10-29 14:00:00,,,,,,,31.7678363995,,,,,,,,
2017-10-29 15:00:00,,,,,,,,,,,19.4332113743,,,3.63583020866,
2017-10-29 16:00:00,,,,,,,27.7014614907,,,,19.4332113743,,,3.63583020866,
2017-10-29 17:00:00,,,,,,-157.667291471,,,,,19.4332113743,,,3.63583020866,
2017-10-29 18:00:00,,,,,,-187.353327085,22.0304184564,,,,,,,3.63583020866,
2017-10-29 19:00:00,,,,,,,,,,,,,,,
2017-10-29 20:00:00,,,,,,-58.2530459231,,,,,19.4332113743,,,3.63583020866,
2017-10-29 21:00:00,,,,,,,,,,,19.4332113743,,,3.63583020866,
2017-10-29 22:00:00,,,,,,-50.7397688222,14.0800172894,,,,,,,3.63583020866,
2017-10-29 23:00:00,,,,,,-31.519212746,,,,,19.4332113743,,,3.63583020866,
2017-10-30 00:00:00,,,,,,,,,,,,,,,
2017-10-30 01:00:00,,,,,,,,,,,,,,,
2017-10-30 02:00:00,,,,,,,8.42720912013,,,,,,,,
2017-10-30 03:00:00,,,,,,,,,,,19.4332113743,,,,
2017-10-30 04:00:00,,,,,,,3.15733311722,,,,19.4332113743,,,3.63583020866,-35.3149100257
2017-10-30 05:00:00,,,,,,,19.3225409947,,,,19.4332113743,,,3.63583020866,
2017-10-30 06:00:00,,,,,,,21.8480698058,,,,,,,3.63583020866,-31.9730077121
2017-10-30 07:00:00,,,,,,,,,4.51329937748,,15.7287053084,-40.6285267262,,3.63583020866,
2017-10-30 08:00:00,,,,,,,,,19.4963214488,,-8.75136401566,,,3.63583020866,
2017-10-30 09:00:00,,,,,,,,,,,-20.5147955581,,,3.63583020866,36.5938303342
2017-10-30 10:00:00,,,,,,,,,,,-3.97991687528,,,3.36963677477,
2017-10-30 11:00:00,,,,,,2.75913776945,,,43.9162422184,,-0.280826753964,32.5016671796,,,36.5938303342
2017-10-30 12:00:00,,,,,,,,,,,6.93561846074,,,1.55064830981,
2017-10-30 13:00:00,,,,,,,,,,,,,,1.03304996613,
2017-10-30 14:00:00,,,,,,12.1780693533,46.1186752033,,47.0854555744,,-12.8891456448,,,-0.845092595243,36.5938303342
2017-10-30 15:00:00,,,,,,,40.6664505497,,,,,,,-2.24260812319,
2017-10-30 16:00:00,,,,,,11.7094657919,37.5908366426,,48.5285795133,,-13.9290069966,19.4361085462,,-3.06337121104,36.5938303342
2017-10-30 17:00:00,,,,,,,37.3294702434,,48.9530277306,,-14.8244431607,16.6660254437,,-2.64189827404,36.5938303342
2017-10-30 18:00:00,,,,,,0.056857232115,32.3148823514,,48.3588002264,,-19.4099428718,5.03167641326,,-2.33873352988,36.5938303342
2017-10-30 19:00:00,,,,,,2.49359575133,26.917362293,,,,-23.8076898389,-5.59467015492,,-2.68626384635,36.5938303342
2017-10-30 20:00:00,,,,,,0.348432781412,,,,,,,,,
2017-10-30 21:00:00,,,,,,8.05435801312,17.0067131318,,39.3322014714,,,,,-4.61616624209,36.5938303342
2017-10-30 22:00:00,,,,,,14.1462043112,19.7875300538,,,,,-23.9849440854,,-4.59398345593,
2017-10-30 23:00:00,,,,,,14.1462043112,,,,,,-31.5718939161,,-4.95999942754,
2017-10-31 00:00:00,,,,,,,,,,,,,,,
2017-10-31 01:00:00,,,,,,,,,,,,,,,
2017-10-31 02:00:00,,,,,,14.1462043112,33.3725045249,,19.9207696661,,,,,-0.312705727452,
2017-10-31 03:00:00,,,,,,14.1462043112,30.9290326066,,,,-27.4255407921,-46.622678773,,2.94816383777,
2017-10-31 04:00:00,,,,,,14.1462043112,,,15.1032823995,,-21.3380191283,-58.6109828665,,,-13.5604113111
2017-10-31 05:00:00,,,,,,14.1462043112,,,3.0701754386,,,,,3.30308841629,
2017-10-31 06:00:00,,,,,,14.1462043112,,,4.55574419921,,-7.3865459914,-65.2822663384,,3.63583020866,
2017-10-31 07:00:00,,,,,,14.1462043112,,,,,,,,3.63583020866,
2017-10-31 08:00:00,,,,,,8.87441424555,,,,,-38.6907054368,-29.2019339284,,3.63583020866,
2017-10-31 09:00:00,,,,,,,,,48.415393322,,,-17.1674617831,,2.79288433466,36.5938303342
2017-10-31 10:00:00,,,,,,3.62605435801,,,50.9620826259,,-21.0924963091,,,1.32882044824,
2017-10-31 11:00:00,,,,,,7.14058106842,,,53.1126202603,,8.80351755568,,,0.175315568022,36.5938303342
2017-10-31 12:00:00,,,,,,9.91940018744,,,,,,74.3299220273,,,
2017-10-31 13:00:00,,,,,,,,,,,,,,-0.519745064926,
2017-10-31 14:00:00,,,,,,,44.6963557284,,,,,,,-1.95423190314,36.5938303342
2017-10-31 15:00:00,,,,,,14.099343955,39.9461733798,,,,,48.0833846312,,-2.61971548788,
2017-10-31 16:00:00,,,,,,13.6073102156,39.0982521544,,,,-9.07632068811,46.4905868472,,-4.19469330509,
2017-10-31 17:00:00,,,,,,10.6472977195,38.7700245833,,53.1126202603,,,39.9578075305,,-3.77322036809,36.5938303342
2017-10-31 18:00:00,,,,,,1.63448922212,41.7970121836,,53.1126202603,,,25.9458038371,,-5.03024491704,36.5938303342
2017-10-31 19:00:00,,,,,,,35.433044277,,53.1126202603,,-24.2842929585,13.7112701344,,-1.5549417523,36.5938303342
2017-10-31 20:00:00,,,,,,11.6001249609,,,,,-28.2848706592,,,,
2017-10-31 21:00:00,,,,,,14.1462043112,22.5409946781,,44.9844368987,,-34.0329931318,-19.6913152765,,1.17354094513,
2017-10-31 22:00:00,,,,,,14.1462043112,17.9458086825,,,,-38.712369215,,,3.63583020866,
2017-10-31 23:00:00,,,,,,14.1462043112,16.9489693924,,,,,-14.1511490715,,3.39181956092,
